ID	Location	true	y_true	mcc_y_true	y_pred	mcc_y_pred
Q7Z5P9|secreted	Extracellular	secreted	secreted	1	secreted	1
P98088|secreted	Extracellular	secreted	secreted	1	secreted	1
Q9Y6R7|secreted	Extracellular	secreted	secreted	1	secreted	1
Q02817|secreted	Extracellular	secreted	secreted	1	secreted	1
A2VEC9|secreted	Extracellular	secreted	secreted	1	secreted	1
Q8NDA2|secreted	Extracellular	secreted	secreted	1	secreted	1
P98164|cell-envelope	Cell_membrane	cell-envelope	other	0	other	0
P04114|secreted	Endoplasmic_reticulum	secreted	secreted	1	other	0
Q86XX4|cell-envelope	Cell_membrane	cell-envelope	other	0	other	0
P78509|secreted	Extracellular	secreted	secreted	1	secreted	1
P13611|secreted	Extracellular	secreted	secreted	1	secreted	1
Q9H251|cell-envelope	Cell_membrane	cell-envelope	other	0	other	0
Q96JQ0|cell-envelope	Cell_membrane	cell-envelope	other	0	other	0
P12111|secreted	Extracellular	secreted	secreted	1	secreted	1
Q5SZK8|cell-envelope	Cell_membrane	cell-envelope	other	0	other	0
Q5T1H1|secreted	Extracellular	secreted	secreted	1	secreted	1
Q99715|secreted	Extracellular	secreted	secreted	1	secreted	1
P35555|secreted	Extracellular	secreted	secreted	1	secreted	1
Q9NR99|secreted	Extracellular	secreted	secreted	1	secreted	1
P04275|secreted	Extracellular	secreted	secreted	1	secreted	1
Q9Y493|cell-envelope	Cell_membrane	cell-envelope	other	0	other	0
Q75N90|secreted	Extracellular	secreted	secreted	1	secreted	1
P01266|secreted	Extracellular	secreted	secreted	1	secreted	1
Q6WRI0|secreted	Extracellular	secreted	secreted	1	secreted	1
A8TX70|secreted	Extracellular	secreted	secreted	1	secreted	1
P16112|secreted	Extracellular	secreted	secreted	1	secreted	1
P02751|secreted	Extracellular	secreted	secreted	1	secreted	1
P08922|cell-envelope	Cell_membrane	cell-envelope	other	0	other	0
Q3ZCN5|secreted	Extracellular	secreted	secreted	1	secreted	1
Q6UVK1|cell-envelope	Cell_membrane	cell-envelope	other	0	other	0
A6NMZ7|secreted	Extracellular	secreted	secreted	1	secreted	1
P12259|secreted	Extracellular	secreted	secreted	1	secreted	1
Q58EX2|cell-envelope	Cell_membrane	cell-envelope	other	0	other	0
P0C091|secreted	Endoplasmic_reticulum	secreted	secreted	1	other	0
Q8TD84|cell-envelope	Cell_membrane	cell-envelope	other	0	other	0
Q9P2N4|secreted	Extracellular	secreted	secreted	1	secreted	1
Q9Y4D7|cell-envelope	Cell_membrane	cell-envelope	other	0	other	0
P59510|secreted	Extracellular	secreted	secreted	1	secreted	1
Q9ULL4|cell-envelope	Cell_membrane	cell-envelope	other	0	other	0
O75096|cell-envelope	Cell_membrane	cell-envelope	other	0	other	0
Q9UIW2|cell-envelope	Cell_membrane	cell-envelope	other	0	other	0
O75051|cell-envelope	Cell_membrane	cell-envelope	other	0	other	0
Q4ZHG4|secreted	Extracellular	secreted	secreted	1	secreted	1
Q9HCM2|cell-envelope	Cell_membrane	cell-envelope	other	0	other	0
P51805|cell-envelope	Cell_membrane	cell-envelope	other	0	other	0
Q8IZC6|secreted	Extracellular	secreted	secreted	1	secreted	1
P20908|secreted	Extracellular	secreted	secreted	1	secreted	1
O15031|cell-envelope	Cell_membrane	cell-envelope	other	0	other	0
Q14767|secreted	Extracellular	secreted	secreted	1	secreted	1
P12107|secreted	Extracellular	secreted	secreted	1	secreted	1
Q05707|secreted	Extracellular	secreted	secreted	1	secreted	1
Q9BXP8|secreted	Extracellular	secreted	secreted	1	secreted	1
Q8N6G6|secreted	Extracellular	secreted	secreted	1	secreted	1
P25940|secreted	Extracellular	secreted	secreted	1	secreted	1
P0C0L4|secreted	Mitochondrion	secreted	secreted	1	other	0
P0C0L5|secreted	Mitochondrion	secreted	secreted	1	other	0
P13942|secreted	Extracellular	secreted	secreted	1	secreted	1
Q7Z443|cell-envelope	Cell_membrane	cell-envelope	other	0	other	0
Q14766|secreted	Extracellular	secreted	secreted	1	secreted	1
Q17RW2|secreted	Extracellular	secreted	secreted	1	secreted	1
P82987|secreted	Extracellular	secreted	secreted	1	secreted	1
Q9UKP4|secreted	Extracellular	secreted	secreted	1	secreted	1
Q13219|secreted	Extracellular	secreted	secreted	1	secreted	1
Q8NFW1|secreted	Extracellular	secreted	secreted	1	secreted	1
Q8N2S1|secreted	Extracellular	secreted	secreted	1	secreted	1
Q9UM73|cell-envelope	Cell_membrane	cell-envelope	other	0	other	0
Q07092|secreted	Extracellular	secreted	secreted	1	secreted	1
P58397|secreted	Extracellular	secreted	secreted	1	secreted	1
Q8N2E2|secreted	Extracellular	secreted	secreted	1	secreted	1
O60241|cell-envelope	Cell_membrane	cell-envelope	other	0	other	0
A1L4H1|secreted	Extracellular	secreted	secreted	1	secreted	1
Q6ZWJ8|secreted	Extracellular	secreted	secreted	1	secreted	1
Q9NRD9|cell-envelope	Cell_membrane	cell-envelope	other	0	other	0
Q9NRD8|cell-envelope	Cell_membrane	cell-envelope	other	0	other	0
O75095|secreted	Extracellular	secreted	secreted	1	secreted	1
O75093|secreted	Extracellular	secreted	secreted	1	secreted	1
O94813|secreted	Extracellular	secreted	secreted	1	secreted	1
O75094|secreted	Extracellular	secreted	secreted	1	secreted	1
O60242|cell-envelope	Cell_membrane	cell-envelope	other	0	other	0
P05997|secreted	Extracellular	secreted	secreted	1	secreted	1
P02458|secreted	Extracellular	secreted	secreted	1	secreted	1
Q92626|secreted	Extracellular	secreted	secreted	1	secreted	1
Q9ULB1|cell-envelope	Cell_membrane	cell-envelope	other	0	other	0
P01023|secreted	Extracellular	secreted	secreted	1	secreted	1
O94910|cell-envelope	Cell_membrane	cell-envelope	other	0	other	0
P02461|secreted	Extracellular	secreted	secreted	1	secreted	1
P02452|secreted	Extracellular	secreted	secreted	1	secreted	1
A1KZ92|secreted	Extracellular	secreted	secreted	1	secreted	1
Q6P1J6|cell-envelope	Cell_membrane	cell-envelope	other	0	other	0
P22897|cell-envelope	Cell_membrane	cell-envelope	other	0	other	0
A8K2U0|secreted	Extracellular	secreted	secreted	1	secreted	1
Q9HAR2|cell-envelope	Cell_membrane	cell-envelope	other	0	other	0
Q92729|cell-envelope	Cell_membrane	cell-envelope	other	0	other	0
Q6YHK3|cell-envelope	Cell_membrane	cell-envelope	other	0	other	0
Q76LX8|secreted	Extracellular	secreted	secreted	1	secreted	1
Q8TER0|secreted	Extracellular	secreted	secreted	1	secreted	1
Q92954|secreted	Extracellular	secreted	secreted	1	secreted	1
P39059|secreted	Extracellular	secreted	secreted	1	secreted	1
O75976|cell-envelope	Cell_membrane	cell-envelope	other	0	other	0
P08069|cell-envelope	Cell_membrane	cell-envelope	other	0	other	0
P08123|secreted	Extracellular	secreted	secreted	1	secreted	1
Q9UPX0|cell-envelope	Cell_membrane	cell-envelope	other	0	other	0
Q9BZA7|cell-envelope	Cell_membrane	cell-envelope	other	0	other	0
O94856|cell-envelope	Cell_membrane	cell-envelope	other	0	other	0
Q8IZF2|cell-envelope	Cell_membrane	cell-envelope	other	0	other	0
Q96PE1|cell-envelope	Cell_membrane	cell-envelope	other	0	other	0
Q12913|cell-envelope	Cell_membrane	cell-envelope	other	0	other	0
O15399|cell-envelope	Cell_membrane	cell-envelope	other	0	other	0
O14594|secreted	Extracellular	secreted	secreted	1	secreted	1
Q6UXX5|secreted	Extracellular	secreted	secreted	1	secreted	1
Q9BYE9|cell-envelope	Cell_membrane	cell-envelope	other	0	other	0
Q9C0A0|cell-envelope	Cell_membrane	cell-envelope	other	0	other	0
P08575|cell-envelope	Cell_membrane	cell-envelope	other	0	other	0
Q9NS15|secreted	Extracellular	secreted	secreted	1	secreted	1
Q9UQP3|secreted	Extracellular	secreted	secreted	1	secreted	1
Q4KMG0|cell-envelope	Cell_membrane	cell-envelope	other	0	other	0
Q9P218|secreted	Extracellular	secreted	secreted	1	secreted	1
O95428|secreted	Extracellular	secreted	secreted	1	secreted	1
P32004|cell-envelope	Cell_membrane	cell-envelope	other	0	other	0
Q8TDY8|cell-envelope	Cell_membrane	cell-envelope	other	0	other	0
O60500|cell-envelope	Cell_membrane	cell-envelope	other	0	other	0
Q9HC56|cell-envelope	Cell_membrane	cell-envelope	other	0	other	0
Q14957|cell-envelope	Cell_membrane	cell-envelope	other	0	other	0
Q13201|secreted	Extracellular	secreted	secreted	1	secreted	1
Q8TE57|secreted	Extracellular	secreted	secreted	1	secreted	1
Q8WXS8|secreted	Extracellular	secreted	secreted	1	secreted	1
Q86SQ4|cell-envelope	Cell_membrane	cell-envelope	other	0	other	0
P41594|cell-envelope	Cell_membrane	cell-envelope	other	0	other	0
O95450|secreted	Extracellular	secreted	secreted	1	secreted	1
Q8TE59|secreted	Extracellular	secreted	secreted	1	secreted	1
O15072|secreted	Extracellular	secreted	secreted	1	secreted	1
Q13255|cell-envelope	Cell_membrane	cell-envelope	other	0	other	0
Q6IE37|secreted	Extracellular	secreted	secreted	1	secreted	1
O75339|secreted	Extracellular	secreted	secreted	1	secreted	1
Q9P2J2|cell-envelope	Cell_membrane	cell-envelope	other	0	other	0
P20701|cell-envelope	Cell_membrane	cell-envelope	other	0	other	0
P07996|secreted	Extracellular	secreted	secreted	1	secreted	1
O14917|cell-envelope	Cell_membrane	cell-envelope	other	0	other	0
Q8IUL8|secreted	Extracellular	secreted	secreted	1	secreted	1
P11215|cell-envelope	Cell_membrane	cell-envelope	other	0	other	0
Q8TAB3|cell-envelope	Cell_membrane	cell-envelope	other	0	other	0
Q14993|secreted	Extracellular	secreted	secreted	1	secreted	1
Q9NRM1|secreted	Extracellular	secreted	secreted	1	secreted	1
Q96KG7|cell-envelope	Cell_membrane	cell-envelope	other	0	other	0
P35590|cell-envelope	Cell_membrane	cell-envelope	other	0	other	0
Q9HCL0|cell-envelope	Cell_membrane	cell-envelope	other	0	other	0
Q7RTY7|secreted	Extracellular	secreted	secreted	1	secreted	1
P23229|cell-envelope	Cell_membrane	cell-envelope	other	0	other	0
Q9UKP5|secreted	Extracellular	secreted	secreted	1	secreted	1
Q8TCU5|cell-envelope	Cell_membrane	cell-envelope	other	0	other	0
Q9BWV1|cell-envelope	Cell_membrane	cell-envelope	other	0	other	0
P07949|cell-envelope	Cell_membrane	cell-envelope	other	0	other	0
Q9H324|secreted	Extracellular	secreted	secreted	1	secreted	1
O94779|cell-envelope	Cell_membrane	cell-envelope	other	0	other	0
Q8TE56|secreted	Extracellular	secreted	secreted	1	secreted	1
Q96JA1|cell-envelope	Cell_membrane	cell-envelope	other	0	other	0
P41180|cell-envelope	Cell_membrane	cell-envelope	other	0	other	0
Q7Z7G0|secreted	Extracellular	secreted	secreted	1	secreted	1
Q6UY14|secreted	Extracellular	secreted	secreted	1	secreted	1
O95206|cell-envelope	Cell_membrane	cell-envelope	other	0	other	0
P00450|secreted	Extracellular	secreted	secreted	1	secreted	1
P53708|cell-envelope	Cell_membrane	cell-envelope	other	0	other	0
Q08174|cell-envelope	Cell_membrane	cell-envelope	other	0	other	0
P29323|cell-envelope	Cell_membrane	cell-envelope	other	0	other	0
P26006|cell-envelope	Cell_membrane	cell-envelope	other	0	other	0
Q02413|cell-envelope	Cell_membrane	cell-envelope	other	0	other	0
P06756|cell-envelope	Cell_membrane	cell-envelope	other	0	other	0
P20594|cell-envelope	Cell_membrane	cell-envelope	other	0	other	0
A6BM72|cell-envelope	Cell_membrane	cell-envelope	other	0	other	0
O60391|cell-envelope	Cell_membrane	cell-envelope	other	0	other	0
Q9P2E7|cell-envelope	Cell_membrane	cell-envelope	other	0	other	0
Q86SJ6|cell-envelope	Cell_membrane	cell-envelope	other	0	other	0
Q13873|cell-envelope	Cell_membrane	cell-envelope	other	0	other	0
Q5VY43|cell-envelope	Cell_membrane	cell-envelope	other	0	other	0
P20023|cell-envelope	Cell_membrane	cell-envelope	other	0	other	0
Q9H2E6|cell-envelope	Cell_membrane	cell-envelope	other	0	other	0
A8MWY0|cell-envelope	Cell_membrane	cell-envelope	other	0	other	0
P12109|secreted	Extracellular	secreted	secreted	1	secreted	1
Q9P232|cell-envelope	Cell_membrane	cell-envelope	other	0	other	0
Q9UQ52|cell-envelope	Cell_membrane	cell-envelope	other	0	other	0
Q6ZMP0|secreted	Extracellular	secreted	secreted	1	secreted	1
Q63HQ2|secreted	Extracellular	secreted	secreted	1	secreted	1
Q9Y6C2|secreted	Extracellular	secreted	secreted	1	secreted	1
Q9Y6L7|secreted	Extracellular	secreted	secreted	1	secreted	1
Q9ULK0|cell-envelope	Cell_membrane	cell-envelope	other	0	other	0
Q9Y2E5|secreted	Endoplasmic_reticulum	secreted	secreted	1	other	0
Q9Y5I4|cell-envelope	Cell_membrane	cell-envelope	other	0	other	0
O43424|cell-envelope	Cell_membrane	cell-envelope	other	0	other	0
P29322|cell-envelope	Cell_membrane	cell-envelope	other	0	other	0
P32926|cell-envelope	Cell_membrane	cell-envelope	other	0	other	0
Q9NQ36|secreted	Extracellular	secreted	secreted	1	secreted	1
Q15375|cell-envelope	Cell_membrane	cell-envelope	other	0	other	0
P54753|cell-envelope	Cell_membrane	cell-envelope	other	0	other	0
Q53EL9|cell-envelope	Cell_membrane	cell-envelope	other	0	other	0
Q8IX30|secreted	Extracellular	secreted	secreted	1	secreted	1
P54760|cell-envelope	Cell_membrane	cell-envelope	other	0	other	0
P54764|cell-envelope	Cell_membrane	cell-envelope	other	0	other	0
P13497|secreted	Extracellular	secreted	secreted	1	secreted	1
P54762|cell-envelope	Cell_membrane	cell-envelope	other	0	other	0
Q96RD9|cell-envelope	Cell_membrane	cell-envelope	other	0	other	0
P21709|cell-envelope	Cell_membrane	cell-envelope	other	0	other	0
P32418|cell-envelope	Lysosome/Vacuole	cell-envelope	other	0	other	0
O95980|cell-envelope	Cell_membrane	cell-envelope	other	0	other	0
Q9HBX8|cell-envelope	Cell_membrane	cell-envelope	other	0	other	0
Q9UHI8|secreted	Extracellular	secreted	secreted	1	secreted	1
Q9H158|cell-envelope	Cell_membrane	cell-envelope	other	0	other	0
P35443|secreted	Extracellular	secreted	secreted	1	secreted	1
Q96P44|secreted	Extracellular	secreted	secreted	1	secreted	1
Q7Z553|cell-envelope	Cell_membrane	cell-envelope	other	0	other	0
Q96DN2|secreted	Extracellular	secreted	secreted	1	secreted	1
Q9H2X0|secreted	Extracellular	secreted	secreted	1	secreted	1
Q8NFP4|cell-envelope	Cell_membrane	cell-envelope	other	0	other	0
Q6UXZ4|cell-envelope	Cell_membrane	cell-envelope	other	0	other	0
Q9BXB1|cell-envelope	Cell_membrane	cell-envelope	other	0	other	0
Q5SY80|cell-envelope	Cell_membrane	cell-envelope	other	0	other	0
Q86TH1|secreted	Extracellular	secreted	secreted	1	secreted	1
Q8TE58|secreted	Extracellular	secreted	secreted	1	secreted	1
Q9Y5H8|cell-envelope	Cell_membrane	cell-envelope	other	0	other	0
Q9Y5I0|cell-envelope	Cell_membrane	cell-envelope	other	0	other	0
Q9Y5H6|cell-envelope	Cell_membrane	cell-envelope	other	0	other	0
Q76M96|secreted	Extracellular	secreted	secreted	1	secreted	1
Q9Y5H5|cell-envelope	Cell_membrane	cell-envelope	other	0	other	0
Q9H8L6|secreted	Mitochondrion	secreted	secreted	1	other	0
Q9Y5I1|cell-envelope	Cell_membrane	cell-envelope	other	0	other	0
Q9Y5H9|cell-envelope	Cell_membrane	cell-envelope	other	0	other	0
Q9UN74|cell-envelope	Cell_membrane	cell-envelope	other	0	other	0
Q8IZJ1|cell-envelope	Cell_membrane	cell-envelope	other	0	other	0
Q9Y5F6|cell-envelope	Cell_membrane	cell-envelope	other	0	other	0
Q01974|cell-envelope	Cell_membrane	cell-envelope	other	0	other	0
Q86UX2|secreted	Extracellular	secreted	secreted	1	secreted	1
Q9UN75|cell-envelope	Cell_membrane	cell-envelope	other	0	other	0
O75899|cell-envelope	Cell_membrane	cell-envelope	other	0	other	0
Q05586|cell-envelope	Cell_membrane	cell-envelope	other	0	other	0
Q9Y5F7|cell-envelope	Cell_membrane	cell-envelope	other	0	other	0
Q9UN72|cell-envelope	Cell_membrane	cell-envelope	other	0	other	0
Q9ULT6|cell-envelope	Cell_membrane	cell-envelope	other	0	other	0
Q9Y5H3|cell-envelope	Cell_membrane	cell-envelope	other	0	other	0
Q9Y5H7|cell-envelope	Cell_membrane	cell-envelope	other	0	other	0
Q9Y5H2|cell-envelope	Cell_membrane	cell-envelope	other	0	other	0
O60330|cell-envelope	Cell_membrane	cell-envelope	other	0	other	0
Q9Y5G7|cell-envelope	Cell_membrane	cell-envelope	other	0	other	0
Q9Y5G5|cell-envelope	Cell_membrane	cell-envelope	other	0	other	0
Q9Y5G6|cell-envelope	Cell_membrane	cell-envelope	other	0	other	0
Q9Y5H1|cell-envelope	Cell_membrane	cell-envelope	other	0	other	0
Q9Y5G4|cell-envelope	Cell_membrane	cell-envelope	other	0	other	0
Q9Y5H0|cell-envelope	Cell_membrane	cell-envelope	other	0	other	0
Q9Y5G8|cell-envelope	Cell_membrane	cell-envelope	other	0	other	0
O95185|cell-envelope	Cell_membrane	cell-envelope	other	0	other	0
Q9Y5H4|cell-envelope	Cell_membrane	cell-envelope	other	0	other	0
Q9Y5G2|cell-envelope	Cell_membrane	cell-envelope	other	0	other	0
Q9Y5F9|cell-envelope	Cell_membrane	cell-envelope	other	0	other	0
Q9UNA0|secreted	Extracellular	secreted	secreted	1	secreted	1
Q9Y5G1|cell-envelope	Cell_membrane	cell-envelope	other	0	other	0
Q9Y5F8|cell-envelope	Cell_membrane	cell-envelope	other	0	other	0
Q9Y5G3|cell-envelope	Cell_membrane	cell-envelope	other	0	other	0
Q5T6X5|cell-envelope	Cell_membrane	cell-envelope	other	0	other	0
Q9Y5G0|cell-envelope	Cell_membrane	cell-envelope	other	0	other	0
Q9UN71|cell-envelope	Cell_membrane	cell-envelope	other	0	other	0
Q9UPR5|cell-envelope	Cell_membrane	cell-envelope	other	0	other	0
P20849|secreted	Extracellular	secreted	secreted	1	secreted	1
Q14833|cell-envelope	Cell_membrane	cell-envelope	other	0	other	0
Q9P0K1|cell-envelope	Cell_membrane	cell-envelope	other	0	other	0
P19022|cell-envelope	Cell_membrane	cell-envelope	other	0	other	0
P48058|cell-envelope	Cell_membrane	cell-envelope	other	0	other	0
Q02487|cell-envelope	Cell_membrane	cell-envelope	other	0	other	0
P42263|cell-envelope	Cell_membrane	cell-envelope	other	0	other	0
P30530|cell-envelope	Cell_membrane	cell-envelope	other	0	other	0
Q9Y334|secreted	Cell_membrane	secreted	secreted	1	other	0
Q5VUB5|cell-envelope	Cell_membrane	cell-envelope	other	0	other	0
Q9UP79|secreted	Extracellular	secreted	secreted	1	secreted	1
Q9H3T3|cell-envelope	Cell_membrane	cell-envelope	other	0	other	0
Q14246|cell-envelope	Cell_membrane	cell-envelope	other	0	other	0
Q6ZTQ4|cell-envelope	Cell_membrane	cell-envelope	other	0	other	0
Q14832|cell-envelope	Cell_membrane	cell-envelope	other	0	other	0
Q6QNK2|cell-envelope	Cell_membrane	cell-envelope	other	0	other	0
Q14416|cell-envelope	Cell_membrane	cell-envelope	other	0	other	0
O15146|cell-envelope	Cell_membrane	cell-envelope	other	0	other	0
P02671|secreted	Extracellular	secreted	secreted	1	secreted	1
Q13822|secreted	Extracellular	secreted	secreted	1	secreted	1
Q92854|cell-envelope	Cell_membrane	cell-envelope	other	0	other	0
Q96JP9|cell-envelope	Cell_membrane	cell-envelope	other	0	other	0
O60602|cell-envelope	Cell_membrane	cell-envelope	other	0	other	0
Q16832|cell-envelope	Cell_membrane	cell-envelope	other	0	other	0
Q9NZ94|cell-envelope	Cell_membrane	cell-envelope	other	0	other	0
Q8N475|secreted	Extracellular	secreted	secreted	1	secreted	1
Q9H156|cell-envelope	Cell_membrane	cell-envelope	other	0	other	0
Q9HBB8|cell-envelope	Cell_membrane	cell-envelope	other	0	other	0
Q6MZW2|secreted	Extracellular	secreted	secreted	1	secreted	1
Q6ZN44|cell-envelope	Cell_membrane	cell-envelope	other	0	other	0
Q9H5Y7|cell-envelope	Cell_membrane	cell-envelope	other	0	other	0
O00206|cell-envelope	Cell_membrane	cell-envelope	other	0	other	0
Q8IW52|cell-envelope	Cell_membrane	cell-envelope	other	0	other	0
Q15063|secreted	Endoplasmic_reticulum	secreted	secreted	1	other	0
Q8NFZ4|cell-envelope	Cell_membrane	cell-envelope	other	0	other	0
P48764|cell-envelope	Cell_membrane	cell-envelope	other	0	other	0
Q8N271|cell-envelope	Cell_membrane	cell-envelope	other	0	other	0
Q12864|cell-envelope	Cell_membrane	cell-envelope	other	0	other	0
Q8IXH8|cell-envelope	Cell_membrane	cell-envelope	other	0	other	0
O75309|cell-envelope	Cell_membrane	cell-envelope	other	0	other	0
Q9UJ99|cell-envelope	Cell_membrane	cell-envelope	other	0	other	0
Q9P2K2|secreted	Endoplasmic_reticulum	secreted	secreted	1	other	0
Q9UHX3|cell-envelope	Cell_membrane	cell-envelope	other	0	other	0
Q9UGT4|cell-envelope	Cell_membrane	cell-envelope	other	0	other	0
Q86UP0|cell-envelope	Cell_membrane	cell-envelope	other	0	other	0
Q9Y5F3|cell-envelope	Cell_membrane	cell-envelope	other	0	other	0
Q99435|secreted	Extracellular	secreted	secreted	1	secreted	1
P00747|secreted	Extracellular	secreted	secreted	1	secreted	1
Q9HCB6|secreted	Extracellular	secreted	secreted	1	secreted	1
P18433|cell-envelope	Cell_membrane	cell-envelope	other	0	other	0
Q9UN66|cell-envelope	Cell_membrane	cell-envelope	other	0	other	0
Q9UN67|cell-envelope	Cell_membrane	cell-envelope	other	0	other	0
P05556|cell-envelope	Cell_membrane	cell-envelope	other	0	other	0
Q9Y5F0|cell-envelope	Cell_membrane	cell-envelope	other	0	other	0
Q9Y5E9|cell-envelope	Cell_membrane	cell-envelope	other	0	other	0
Q86XM0|cell-envelope	Cell_membrane	cell-envelope	other	0	other	0
Q9Y5E7|cell-envelope	Cell_membrane	cell-envelope	other	0	other	0
Q9Y5F2|cell-envelope	Cell_membrane	cell-envelope	other	0	other	0
Q9Y5E1|cell-envelope	Cell_membrane	cell-envelope	other	0	other	0
Q17R60|secreted	Extracellular	secreted	secreted	1	secreted	1
Q9Y5E6|cell-envelope	Cell_membrane	cell-envelope	other	0	other	0
P04629|cell-envelope	Cell_membrane	cell-envelope	other	0	other	0
Q9Y5E5|cell-envelope	Cell_membrane	cell-envelope	other	0	other	0
Q9Y5F1|cell-envelope	Cell_membrane	cell-envelope	other	0	other	0
Q9Y5E4|cell-envelope	Cell_membrane	cell-envelope	other	0	other	0
Q9Y5E3|cell-envelope	Cell_membrane	cell-envelope	other	0	other	0
Q9Y5E2|cell-envelope	Cell_membrane	cell-envelope	other	0	other	0
Q8NAC3|cell-envelope	Cell_membrane	cell-envelope	other	0	other	0
Q9ULB4|cell-envelope	Cell_membrane	cell-envelope	other	0	other	0
Q9ULH4|cell-envelope	Cell_membrane	cell-envelope	other	0	other	0
P05106|cell-envelope	Cell_membrane	cell-envelope	other	0	other	0
Q9Y6N8|cell-envelope	Cell_membrane	cell-envelope	other	0	other	0
Q9Y5E8|cell-envelope	Cell_membrane	cell-envelope	other	0	other	0
P15502|secreted	Extracellular	secreted	secreted	1	secreted	1
Q13275|secreted	Extracellular	secreted	secreted	1	secreted	1
P33151|cell-envelope	Cell_membrane	cell-envelope	other	0	other	0
Q9C0B6|secreted	Extracellular	secreted	secreted	1	secreted	1
Q96JK4|secreted	Extracellular	secreted	secreted	1	secreted	1
Q9NS98|secreted	Extracellular	secreted	secreted	1	secreted	1
Q6P4Q7|cell-envelope	Cell_membrane	cell-envelope	other	0	other	0
O15041|secreted	Extracellular	secreted	secreted	1	secreted	1
Q14563|secreted	Extracellular	secreted	secreted	1	secreted	1
Q9P244|cell-envelope	Cell_membrane	cell-envelope	other	0	other	0
O95754|cell-envelope	Cell_membrane	cell-envelope	other	0	other	0
P26012|cell-envelope	Cell_membrane	cell-envelope	other	0	other	0
P05107|cell-envelope	Cell_membrane	cell-envelope	other	0	other	0
Q9NT22|secreted	Extracellular	secreted	secreted	1	secreted	1
P16473|cell-envelope	Cell_membrane	cell-envelope	other	0	other	0
Q6NUI6|secreted	Extracellular	secreted	secreted	1	secreted	1
Q9H3S1|cell-envelope	Cell_membrane	cell-envelope	other	0	other	0
Q96J84|cell-envelope	Cell_membrane	cell-envelope	other	0	other	0
Q9HBX9|cell-envelope	Cell_membrane	cell-envelope	other	0	other	0
Q96JB6|secreted	Extracellular	secreted	secreted	1	secreted	1
Q8N436|secreted	Extracellular	secreted	secreted	1	secreted	1
Q13433|cell-envelope	Cell_membrane	cell-envelope	other	0	other	0
P19835|secreted	Extracellular	secreted	secreted	1	secreted	1
Q68BL8|secreted	Extracellular	secreted	secreted	1	secreted	1
Q13214|secreted	Extracellular	secreted	secreted	1	secreted	1
Q6UXK2|cell-envelope	Cell_membrane	cell-envelope	other	0	other	0
P16070|cell-envelope	Cell_membrane	cell-envelope	other	0	other	0
P16284|cell-envelope	Cell_membrane	cell-envelope	other	0	other	0
Q8NFT8|cell-envelope	Cell_membrane	cell-envelope	other	0	other	0
Q32P28|secreted	Endoplasmic_reticulum	secreted	secreted	1	other	0
Q96P31|cell-envelope	Cell_membrane	cell-envelope	other	0	other	0
Q5VTL7|secreted	Extracellular	secreted	secreted	1	secreted	1
Q8NI17|cell-envelope	Cell_membrane	cell-envelope	other	0	other	0
Q6UWX4|secreted	Extracellular	secreted	secreted	1	secreted	1
O00548|cell-envelope	Cell_membrane	cell-envelope	other	0	other	0
Q6UXH9|secreted	Extracellular	secreted	secreted	1	secreted	1
Q9NT99|cell-envelope	Cell_membrane	cell-envelope	other	0	other	0
P22079|secreted	Extracellular	secreted	secreted	1	secreted	1
Q6UWL6|cell-envelope	Cell_membrane	cell-envelope	other	0	other	0
P14780|secreted	Extracellular	secreted	secreted	1	secreted	1
Q8NE01|cell-envelope	Cell_membrane	cell-envelope	other	0	other	0
P00736|secreted	Extracellular	secreted	secreted	1	secreted	1
P06731|cell-envelope	Cell_membrane	cell-envelope	other	0	other	0
P22888|cell-envelope	Cell_membrane	cell-envelope	other	0	other	0
P48740|secreted	Extracellular	secreted	secreted	1	secreted	1
O94769|secreted	Extracellular	secreted	secreted	1	secreted	1
P23945|cell-envelope	Cell_membrane	cell-envelope	other	0	other	0
Q9HBW9|cell-envelope	Cell_membrane	cell-envelope	other	0	other	0
Q14055|secreted	Extracellular	secreted	secreted	1	secreted	1
Q7Z304|secreted	Extracellular	secreted	secreted	1	secreted	1
Q8N8U9|secreted	Extracellular	secreted	secreted	1	secreted	1
Q9NR61|cell-envelope	Cell_membrane	cell-envelope	other	0	other	0
Q14050|secreted	Extracellular	secreted	secreted	1	secreted	1
Q15582|secreted	Extracellular	secreted	secreted	1	secreted	1
Q03692|secreted	Extracellular	secreted	secreted	1	secreted	1
Q14393|secreted	Extracellular	secreted	secreted	1	secreted	1
Q6UXI7|secreted	Extracellular	secreted	secreted	1	secreted	1
O43895|cell-envelope	Cell_membrane	cell-envelope	other	0	other	0
O75326|cell-envelope	Cell_membrane	cell-envelope	other	0	other	0
Q9NPG1|cell-envelope	Cell_membrane	cell-envelope	other	0	other	0
Q14515|secreted	Extracellular	secreted	secreted	1	secreted	1
Q14392|cell-envelope	Cell_membrane	cell-envelope	other	0	other	0
P05160|secreted	Extracellular	secreted	secreted	1	secreted	1
Q9NQ79|secreted	Extracellular	secreted	secreted	1	secreted	1
P17813|cell-envelope	Cell_membrane	cell-envelope	other	0	other	0
O75509|cell-envelope	Cell_membrane	cell-envelope	other	0	other	0
Q6UWU2|secreted	Endoplasmic_reticulum	secreted	secreted	1	other	0
Q68BL7|secreted	Extracellular	secreted	secreted	1	secreted	1
Q66K79|secreted	Extracellular	secreted	secreted	1	secreted	1
Q6P5W5|cell-envelope	Cell_membrane	cell-envelope	other	0	other	0
Q9HCJ2|cell-envelope	Cell_membrane	cell-envelope	other	0	other	0
P60852|cell-envelope	Cell_membrane	cell-envelope	other	0	other	0
P16519|secreted	Extracellular	secreted	secreted	1	secreted	1
Q5VWK5|cell-envelope	Cell_membrane	cell-envelope	other	0	other	0
Q9BTN0|cell-envelope	Cell_membrane	cell-envelope	other	0	other	0
P43681|cell-envelope	Cell_membrane	cell-envelope	other	0	other	0
P20916|cell-envelope	Cell_membrane	cell-envelope	other	0	other	0
Q96FE5|cell-envelope	Cell_membrane	cell-envelope	other	0	other	0
Q9Y6Q6|cell-envelope	Cell_membrane	cell-envelope	other	0	other	0
O15240|secreted	Extracellular	secreted	secreted	1	secreted	1
P59827|secreted	Extracellular	secreted	secreted	1	secreted	1
Q969P0|cell-envelope	Cell_membrane	cell-envelope	other	0	other	0
Q7Z5L7|secreted	Endoplasmic_reticulum	secreted	secreted	1	other	0
P16581|cell-envelope	Cell_membrane	cell-envelope	other	0	other	0
O95631|secreted	Extracellular	secreted	secreted	1	secreted	1
P06276|secreted	Extracellular	secreted	secreted	1	secreted	1
P43652|secreted	Extracellular	secreted	secreted	1	secreted	1
O95256|cell-envelope	Cell_membrane	cell-envelope	other	0	other	0
Q8N423|cell-envelope	Cell_membrane	cell-envelope	other	0	other	0
Q6UY09|cell-envelope	Cell_membrane	cell-envelope	other	0	other	0
Q03431|cell-envelope	Cell_membrane	cell-envelope	other	0	other	0
P28799|secreted	Extracellular	secreted	secreted	1	secreted	1
Q8WWQ2|secreted	Extracellular	secreted	secreted	1	secreted	1
O00144|cell-envelope	Cell_membrane	cell-envelope	other	0	other	0
Q6UWP8|secreted	Extracellular	secreted	secreted	1	secreted	1
Q86VH4|cell-envelope	Cell_membrane	cell-envelope	other	0	other	0
P54793|secreted	Cell_membrane	secreted	secreted	1	other	0
Q2MV58|secreted	Extracellular	secreted	secreted	1	secreted	1
Q08380|secreted	Extracellular	secreted	secreted	1	secreted	1
O00478|cell-envelope	Cell_membrane	cell-envelope	other	0	other	0
Q8IXL6|secreted	Golgi_apparatus	secreted	secreted	1	other	0
O43280|cell-envelope	Endoplasmic_reticulum	cell-envelope	other	0	other	0
P05156|secreted	Extracellular	secreted	secreted	1	secreted	1
Q9ULW2|cell-envelope	Cell_membrane	cell-envelope	other	0	other	0
Q86VH5|cell-envelope	Cell_membrane	cell-envelope	other	0	other	0
O00634|secreted	Extracellular	secreted	secreted	1	secreted	1
P51654|cell-envelope	Cell_membrane	cell-envelope	other	0	other	0
Q8TEU8|secreted	Extracellular	secreted	secreted	1	secreted	1
Q96DX4|secreted	Extracellular	secreted	secreted	1	secreted	1
Q6NT32|secreted	Endoplasmic_reticulum	secreted	secreted	1	other	0
P28039|secreted	Extracellular	secreted	secreted	1	secreted	1
Q08397|secreted	Extracellular	secreted	secreted	1	secreted	1
O75084|cell-envelope	Cell_membrane	cell-envelope	other	0	other	0
Q14956|cell-envelope	Cell_membrane	cell-envelope	other	0	other	0
Q6H9L7|secreted	Extracellular	secreted	secreted	1	secreted	1
Q9NS93|cell-envelope	Cell_membrane	cell-envelope	other	0	other	0
Q5FYB1|secreted	Extracellular	secreted	secreted	1	secreted	1
Q8N119|secreted	Extracellular	secreted	secreted	1	secreted	1
Q8TB73|secreted	Extracellular	secreted	secreted	1	secreted	1
Q96RQ9|secreted	Extracellular	secreted	secreted	1	secreted	1
P37173|cell-envelope	Cell_membrane	cell-envelope	other	0	other	0
Q5SSG8|cell-envelope	Cell_membrane	cell-envelope	other	0	other	0
Q14332|cell-envelope	Cell_membrane	cell-envelope	other	0	other	0
Q6UXI9|secreted	Extracellular	secreted	secreted	1	secreted	1
Q9H6X2|cell-envelope	Cell_membrane	cell-envelope	other	0	other	0
Q7RTZ1|secreted	Cell_membrane	secreted	secreted	1	other	0
Q5XG92|secreted	Extracellular	secreted	secreted	1	secreted	1
Q14520|secreted	Extracellular	secreted	secreted	1	secreted	1
O95970|secreted	Endoplasmic_reticulum	secreted	secreted	1	other	0
P15391|cell-envelope	Cell_membrane	cell-envelope	other	0	other	0
Q2L4Q9|secreted	Extracellular	secreted	secreted	1	secreted	1
P14784|cell-envelope	Cell_membrane	cell-envelope	other	0	other	0
O43405|secreted	Extracellular	secreted	secreted	1	secreted	1
Q86Y34|cell-envelope	Cell_membrane	cell-envelope	other	0	other	0
Q9NQS3|cell-envelope	Cell_membrane	cell-envelope	other	0	other	0
Q96NZ8|secreted	Extracellular	secreted	secreted	1	secreted	1
Q8N0V4|secreted	Endoplasmic_reticulum	secreted	secreted	1	other	0
Q8NEB7|secreted	Extracellular	secreted	secreted	1	secreted	1
Q96MK3|secreted	Golgi_apparatus	secreted	secreted	1	other	0
Q12836|cell-envelope	Cell_membrane	cell-envelope	other	0	other	0
Q6ZMH5|cell-envelope	Cell_membrane	cell-envelope	other	0	other	0
Q9Y2I2|cell-envelope	Cell_membrane	cell-envelope	other	0	other	0
A6NL88|cell-envelope	Cell_membrane	cell-envelope	other	0	other	0
Q9ULV1|cell-envelope	Cell_membrane	cell-envelope	other	0	other	0
Q8N135|secreted	Extracellular	secreted	secreted	1	secreted	1
Q6UWY0|secreted	Extracellular	secreted	secreted	1	secreted	1
Q8WWV6|cell-envelope	Cell_membrane	cell-envelope	other	0	other	0
P36894|cell-envelope	Cell_membrane	cell-envelope	other	0	other	0
C9JL84|secreted	Extracellular	secreted	secreted	1	secreted	1
Q96CW9|cell-envelope	Cell_membrane	cell-envelope	other	0	other	0
Q8IZF4|cell-envelope	Cell_membrane	cell-envelope	other	0	other	0
P04196|secreted	Extracellular	secreted	secreted	1	secreted	1
Q9NQ76|secreted	Extracellular	secreted	secreted	1	secreted	1
P07602|secreted	Extracellular	secreted	secreted	1	secreted	1
P05186|cell-envelope	Cell_membrane	cell-envelope	other	0	other	0
Q9HAT2|secreted	Extracellular	secreted	secreted	1	secreted	1
Q86UE6|cell-envelope	Cell_membrane	cell-envelope	other	0	other	0
Q6NUJ1|secreted	Extracellular	secreted	secreted	1	secreted	1
O95498|cell-envelope	Cell_membrane	cell-envelope	other	0	other	0
A6NFA1|cell-envelope	Cell_membrane	cell-envelope	other	0	other	0
O43300|cell-envelope	Cell_membrane	cell-envelope	other	0	other	0
Q96PJ5|cell-envelope	Cell_membrane	cell-envelope	other	0	other	0
Q8J025|cell-envelope	Cell_membrane	cell-envelope	other	0	other	0
P22004|secreted	Extracellular	secreted	secreted	1	secreted	1
O00481|cell-envelope	Cell_membrane	cell-envelope	other	0	other	0
O95497|cell-envelope	Cell_membrane	cell-envelope	other	0	other	0
Q13705|cell-envelope	Cell_membrane	cell-envelope	other	0	other	0
Q6PEZ8|secreted	Extracellular	secreted	secreted	1	secreted	1
Q9NZK5|secreted	Extracellular	secreted	secreted	1	secreted	1
P0DTE7|secreted	Extracellular	secreted	secreted	1	secreted	1
P0DUB6|secreted	Extracellular	secreted	secreted	1	secreted	1
P19961|secreted	Extracellular	secreted	secreted	1	secreted	1
P0DTE8|secreted	Extracellular	secreted	secreted	1	secreted	1
Q99542|secreted	Extracellular	secreted	secreted	1	secreted	1
Q96LA5|cell-envelope	Cell_membrane	cell-envelope	other	0	other	0
Q8NFQ6|secreted	Endoplasmic_reticulum	secreted	secreted	1	other	0
P32297|cell-envelope	Cell_membrane	cell-envelope	other	0	other	0
Q86V40|cell-envelope	Cell_membrane	cell-envelope	other	0	other	0
P36896|cell-envelope	Cell_membrane	cell-envelope	other	0	other	0
Q9Y264|secreted	Extracellular	secreted	secreted	1	secreted	1
P36897|cell-envelope	Cell_membrane	cell-envelope	other	0	other	0
P37023|cell-envelope	Cell_membrane	cell-envelope	other	0	other	0
Q6GTS8|secreted	Endoplasmic_reticulum	secreted	secreted	1	other	0
O94919|secreted	Endoplasmic_reticulum	secreted	secreted	1	other	0
Q9Y5X9|secreted	Extracellular	secreted	secreted	1	secreted	1
P11150|secreted	Extracellular	secreted	secreted	1	secreted	1
P59901|cell-envelope	Cell_membrane	cell-envelope	other	0	other	0
Q9H0B8|secreted	Extracellular	secreted	secreted	1	secreted	1
Q9BRR6|secreted	Endoplasmic_reticulum	secreted	secreted	1	other	0
Q6P988|secreted	Extracellular	secreted	secreted	1	secreted	1
O95965|secreted	Extracellular	secreted	secreted	1	secreted	1
Q86WK6|cell-envelope	Cell_membrane	cell-envelope	other	0	other	0
Q12805|secreted	Extracellular	secreted	secreted	1	secreted	1
P11597|secreted	Extracellular	secreted	secreted	1	secreted	1
Q9UHL4|secreted	Extracellular	secreted	secreted	1	secreted	1
P02675|secreted	Extracellular	secreted	secreted	1	secreted	1
O95841|secreted	Extracellular	secreted	secreted	1	secreted	1
P15260|cell-envelope	Cell_membrane	cell-envelope	other	0	other	0
Q8WTR8|secreted	Extracellular	secreted	secreted	1	secreted	1
P24347|secreted	Mitochondrion	secreted	secreted	1	other	0
Q9NZP8|secreted	Extracellular	secreted	secreted	1	secreted	1
O15232|secreted	Extracellular	secreted	secreted	1	secreted	1
Q8TDL5|secreted	Extracellular	secreted	secreted	1	secreted	1
O60882|secreted	Extracellular	secreted	secreted	1	secreted	1
O60883|cell-envelope	Cell_membrane	cell-envelope	other	0	other	0
Q9GZU5|secreted	Extracellular	secreted	secreted	1	secreted	1
Q6ZMM2|secreted	Extracellular	secreted	secreted	1	secreted	1
Q9UGM1|cell-envelope	Cell_membrane	cell-envelope	other	0	other	0
P55107|secreted	Extracellular	secreted	secreted	1	secreted	1
A6NE02|secreted	Extracellular	secreted	secreted	1	secreted	1
Q96PB7|secreted	Extracellular	secreted	secreted	1	secreted	1
Q96A99|secreted	Extracellular	secreted	secreted	1	secreted	1
P04004|secreted	Extracellular	secreted	secreted	1	secreted	1
P47871|cell-envelope	Cell_membrane	cell-envelope	other	0	other	0
A6NHN0|secreted	Extracellular	secreted	secreted	1	secreted	1
P08254|secreted	Extracellular	secreted	secreted	1	secreted	1
Q02509|secreted	Extracellular	secreted	secreted	1	secreted	1
P09238|secreted	Extracellular	secreted	secreted	1	secreted	1
P83105|secreted	Extracellular	secreted	secreted	1	secreted	1
Q6E0U4|secreted	Extracellular	secreted	secreted	1	secreted	1
P59826|secreted	Extracellular	secreted	secreted	1	secreted	1
P18505|cell-envelope	Cell_membrane	cell-envelope	other	0	other	0
P02774|secreted	Extracellular	secreted	secreted	1	secreted	1
Q96MU8|cell-envelope	Cell_membrane	cell-envelope	other	0	other	0
Q9BZR6|cell-envelope	Cell_membrane	cell-envelope	other	0	other	0
Q12891|cell-envelope	Cell_membrane	cell-envelope	other	0	other	0
Q9Y646|secreted	Extracellular	secreted	secreted	1	secreted	1
P45452|secreted	Extracellular	secreted	secreted	1	secreted	1
Q8NI99|secreted	Extracellular	secreted	secreted	1	secreted	1
P39900|secreted	Extracellular	secreted	secreted	1	secreted	1
O15204|secreted	Extracellular	secreted	secreted	1	secreted	1
P27918|secreted	Extracellular	secreted	secreted	1	secreted	1
P03956|secreted	Extracellular	secreted	secreted	1	secreted	1
Q6UXT9|secreted	Extracellular	secreted	secreted	1	secreted	1
Q9BTY2|secreted	Endoplasmic_reticulum	secreted	secreted	1	other	0
P22894|secreted	Extracellular	secreted	secreted	1	secreted	1
A8MPY1|cell-envelope	Cell_membrane	cell-envelope	other	0	other	0
Q17RR3|secreted	Extracellular	secreted	secreted	1	secreted	1
P54315|secreted	Extracellular	secreted	secreted	1	secreted	1
Q96ID5|cell-envelope	Cell_membrane	cell-envelope	other	0	other	0
Q9GZM7|secreted	Extracellular	secreted	secreted	1	secreted	1
Q15846|secreted	Endoplasmic_reticulum	secreted	secreted	1	other	0
O60687|secreted	Extracellular	secreted	secreted	1	secreted	1
P16233|secreted	Extracellular	secreted	secreted	1	secreted	1
O00451|cell-envelope	Cell_membrane	cell-envelope	other	0	other	0
B1AKI9|secreted	Extracellular	secreted	secreted	1	secreted	1
Q6UXB8|secreted	Cell_membrane	secreted	secreted	1	other	0
P43220|cell-envelope	Cell_membrane	cell-envelope	other	0	other	0
Q15465|cell-envelope	Extracellular	cell-envelope	other	0	secreted	1
Q16602|cell-envelope	Cell_membrane	cell-envelope	other	0	other	0
P04070|secreted	Extracellular	secreted	secreted	1	secreted	1
P00740|secreted	Extracellular	secreted	secreted	1	secreted	1
Q9Y5C1|secreted	Extracellular	secreted	secreted	1	secreted	1
Q8N4F0|secreted	Extracellular	secreted	secreted	1	secreted	1
P28335|cell-envelope	Cell_membrane	cell-envelope	other	0	other	0
P23415|cell-envelope	Cell_membrane	cell-envelope	other	0	other	0
Q53H76|secreted	Extracellular	secreted	secreted	1	secreted	1
Q9BU40|secreted	Extracellular	secreted	secreted	1	secreted	1
Q6UXF7|secreted	Extracellular	secreted	secreted	1	secreted	1
Q6KF10|secreted	Extracellular	secreted	secreted	1	secreted	1
O60383|secreted	Extracellular	secreted	secreted	1	secreted	1
Q68D85|cell-envelope	Cell_membrane	cell-envelope	other	0	other	0
P83110|secreted	Extracellular	secreted	secreted	1	secreted	1
Q92484|secreted	Extracellular	secreted	secreted	1	secreted	1
P02679|secreted	Extracellular	secreted	secreted	1	secreted	1
Q9Y6X5|cell-envelope	Cell_membrane	cell-envelope	other	0	other	0
Q8NFQ5|secreted	Extracellular	secreted	secreted	1	secreted	1
Q9HB40|secreted	Endoplasmic_reticulum	secreted	secreted	1	other	0
P23416|cell-envelope	Cell_membrane	cell-envelope	other	0	other	0
Q9GZZ6|cell-envelope	Cell_membrane	cell-envelope	other	0	other	0
Q6N075|cell-envelope	Cell_membrane	cell-envelope	other	0	other	0
Q96B86|cell-envelope	Cell_membrane	cell-envelope	other	0	other	0
Q7Z4P5|secreted	Extracellular	secreted	secreted	1	secreted	1
Q5VXM1|secreted	Extracellular	secreted	secreted	1	secreted	1
Q9UBX5|secreted	Extracellular	secreted	secreted	1	secreted	1
Q8NHJ6|cell-envelope	Cell_membrane	cell-envelope	other	0	other	0
Q8NCF0|secreted	Extracellular	secreted	secreted	1	secreted	1
A5D8T8|secreted	Extracellular	secreted	secreted	1	secreted	1
A6NHN6|secreted	Extracellular	secreted	secreted	1	secreted	1
P14384|cell-envelope	Cell_membrane	cell-envelope	other	0	other	0
Q9BY67|cell-envelope	Cell_membrane	cell-envelope	other	0	other	0
P24530|cell-envelope	Cell_membrane	cell-envelope	other	0	other	0
Q86UN2|cell-envelope	Cell_membrane	cell-envelope	other	0	other	0
Q13093|secreted	Endoplasmic_reticulum	secreted	secreted	1	other	0
Q8N6Y2|secreted	Endoplasmic_reticulum	secreted	secreted	1	other	0
P04180|secreted	Extracellular	secreted	secreted	1	secreted	1
Q6UWR7|cell-envelope	Cell_membrane	cell-envelope	other	0	other	0
P47872|cell-envelope	Cell_membrane	cell-envelope	other	0	other	0
Q8N6C8|secreted	Extracellular	secreted	secreted	1	secreted	1
Q53RD9|secreted	Extracellular	secreted	secreted	1	secreted	1
Q6ZNF0|secreted	Extracellular	secreted	secreted	1	secreted	1
Q8N4T0|secreted	Endoplasmic_reticulum	secreted	secreted	1	other	0
Q6NW40|cell-envelope	Cell_membrane	cell-envelope	other	0	other	0
Q8N3J6|cell-envelope	Cell_membrane	cell-envelope	other	0	other	0
Q00889|secreted	Extracellular	secreted	secreted	1	secreted	1
Q12794|secreted	Extracellular	secreted	secreted	1	secreted	1
Q6DN72|cell-envelope	Cell_membrane	cell-envelope	other	0	other	0
Q9H7Y0|secreted	Endoplasmic_reticulum	secreted	secreted	1	other	0
Q5DX21|cell-envelope	Cell_membrane	cell-envelope	other	0	other	0
P00749|secreted	Extracellular	secreted	secreted	1	secreted	1
P47972|secreted	Extracellular	secreted	secreted	1	secreted	1
Q9UK05|secreted	Extracellular	secreted	secreted	1	secreted	1
Q6WN34|secreted	Extracellular	secreted	secreted	1	secreted	1
Q96LA6|cell-envelope	Cell_membrane	cell-envelope	other	0	other	0
O14498|secreted	Cell_membrane	secreted	secreted	1	other	0
O75356|secreted	Extracellular	secreted	secreted	1	secreted	1
Q16557|secreted	Extracellular	secreted	secreted	1	secreted	1
P08138|cell-envelope	Cell_membrane	cell-envelope	other	0	other	0
P20062|secreted	Extracellular	secreted	secreted	1	secreted	1
Q00887|secreted	Extracellular	secreted	secreted	1	secreted	1
Q6ZVN8|cell-envelope	Cell_membrane	cell-envelope	other	0	other	0
Q9UQ74|secreted	Extracellular	secreted	secreted	1	secreted	1
P21754|cell-envelope	Cell_membrane	cell-envelope	other	0	other	0
O95393|secreted	Endoplasmic_reticulum	secreted	secreted	1	other	0
Q92563|secreted	Extracellular	secreted	secreted	1	secreted	1
B4DS77|cell-envelope	Cell_membrane	cell-envelope	other	0	other	0
A8MV23|secreted	Extracellular	secreted	secreted	1	secreted	1
Q5VYY2|secreted	Endoplasmic_reticulum	secreted	secreted	1	other	0
Q86U17|secreted	Extracellular	secreted	secreted	1	secreted	1
O75462|secreted	Extracellular	secreted	secreted	1	secreted	1
Q9UI42|secreted	Extracellular	secreted	secreted	1	secreted	1
Q99983|secreted	Endoplasmic_reticulum	secreted	secreted	1	other	0
Q13641|cell-envelope	Cell_membrane	cell-envelope	other	0	other	0
O96009|secreted	Extracellular	secreted	secreted	1	secreted	1
Q86UN3|cell-envelope	Cell_membrane	cell-envelope	other	0	other	0
P11464|secreted	Extracellular	secreted	secreted	1	secreted	1
Q00888|secreted	Extracellular	secreted	secreted	1	secreted	1
P36955|secreted	Extracellular	secreted	secreted	1	secreted	1
P28300|secreted	Extracellular	secreted	secreted	1	secreted	1
Q9GZT5|secreted	Extracellular	secreted	secreted	1	secreted	1
P15086|secreted	Extracellular	secreted	secreted	1	secreted	1
P02812|secreted	Extracellular	secreted	secreted	1	secreted	1
Q9UKZ9|secreted	Extracellular	secreted	secreted	1	secreted	1
Q8IW75|secreted	Endoplasmic_reticulum	secreted	secreted	1	other	0
O75200|secreted	Extracellular	secreted	secreted	1	secreted	1
P61812|secreted	Extracellular	secreted	secreted	1	secreted	1
Q8N3Z0|secreted	Extracellular	secreted	secreted	1	secreted	1
P10600|secreted	Extracellular	secreted	secreted	1	secreted	1
Q401N2|cell-envelope	Cell_membrane	cell-envelope	other	0	other	0
P07339|secreted	Extracellular	secreted	secreted	1	secreted	1
P16444|cell-envelope	Cell_membrane	cell-envelope	other	0	other	0
Q99574|secreted	Extracellular	secreted	secreted	1	secreted	1
P21128|secreted	Extracellular	secreted	secreted	1	secreted	1
O95390|secreted	Extracellular	secreted	secreted	1	secreted	1
Q6UXH8|secreted	Extracellular	secreted	secreted	1	secreted	1
Q9NRN5|secreted	Extracellular	secreted	secreted	1	secreted	1
Q9BY76|secreted	Extracellular	secreted	secreted	1	secreted	1
O75830|secreted	Endoplasmic_reticulum	secreted	secreted	1	other	0
P05121|secreted	Extracellular	secreted	secreted	1	secreted	1
Q6UX73|secreted	Extracellular	secreted	secreted	1	secreted	1
P34820|secreted	Extracellular	secreted	secreted	1	secreted	1
Q86UW8|secreted	Extracellular	secreted	secreted	1	secreted	1
Q6UWY5|secreted	Extracellular	secreted	secreted	1	secreted	1
Q7Z5Y6|secreted	Extracellular	secreted	secreted	1	secreted	1
P04278|secreted	Extracellular	secreted	secreted	1	secreted	1
O75718|secreted	Endoplasmic_reticulum	secreted	secreted	1	other	0
Q5VXJ0|secreted	Extracellular	secreted	secreted	1	secreted	1
Q5VXI9|secreted	Extracellular	secreted	secreted	1	secreted	1
P07098|secreted	Extracellular	secreted	secreted	1	secreted	1
O00241|cell-envelope	Cell_membrane	cell-envelope	other	0	other	0
Q9Y639|cell-envelope	Cell_membrane	cell-envelope	other	0	other	0
Q8N126|cell-envelope	Cell_membrane	cell-envelope	other	0	other	0
Q08ET2|cell-envelope	Cell_membrane	cell-envelope	other	0	other	0
Q6PEW0|secreted	Cell_membrane	secreted	secreted	1	other	0
O14649|cell-envelope	Cell_membrane	cell-envelope	other	0	other	0
Q6UXV0|cell-envelope	Cell_membrane	cell-envelope	other	0	other	0
Q86YT9|cell-envelope	Cell_membrane	cell-envelope	other	0	other	0
O95727|cell-envelope	Cell_membrane	cell-envelope	other	0	other	0
Q9NYG8|cell-envelope	Cell_membrane	cell-envelope	other	0	other	0
Q9BWS9|secreted	Extracellular	secreted	secreted	1	secreted	1
P04280|secreted	Extracellular	secreted	secreted	1	secreted	1
P01137|secreted	Extracellular	secreted	secreted	1	secreted	1
Q15782|secreted	Extracellular	secreted	secreted	1	secreted	1
Q96AP7|cell-envelope	Cell_membrane	cell-envelope	other	0	other	0
O00744|secreted	Extracellular	secreted	secreted	1	secreted	1
Q86XS5|secreted	Extracellular	secreted	secreted	1	secreted	1
Q8N8R5|secreted	Mitochondrion	secreted	secreted	1	other	0
P36222|secreted	Extracellular	secreted	secreted	1	secreted	1
Q9UGM5|secreted	Extracellular	secreted	secreted	1	secreted	1
P49908|secreted	Extracellular	secreted	secreted	1	secreted	1
Q9BXN1|secreted	Extracellular	secreted	secreted	1	secreted	1
Q8IYR6|cell-envelope	Cell_membrane	cell-envelope	other	0	other	0
Q8TAX7|secreted	Extracellular	secreted	secreted	1	secreted	1
Q99706|cell-envelope	Cell_membrane	cell-envelope	other	0	other	0
Q15198|secreted	Extracellular	secreted	secreted	1	secreted	1
O14793|secreted	Extracellular	secreted	secreted	1	secreted	1
Q8IVL8|cell-envelope	Cell_membrane	cell-envelope	other	0	other	0
P12314|cell-envelope	Cell_membrane	cell-envelope	other	0	other	0
Q9NPC2|cell-envelope	Cell_membrane	cell-envelope	other	0	other	0
Q96LB8|secreted	Extracellular	secreted	secreted	1	secreted	1
Q9H6B4|cell-envelope	Cell_membrane	cell-envelope	other	0	other	0
Q9BZW8|cell-envelope	Cell_membrane	cell-envelope	other	0	other	0
P04628|secreted	Extracellular	secreted	secreted	1	secreted	1
Q9GZP0|secreted	Extracellular	secreted	secreted	1	secreted	1
P31785|cell-envelope	Cell_membrane	cell-envelope	other	0	other	0
P21810|secreted	Extracellular	secreted	secreted	1	secreted	1
Q6Q788|secreted	Extracellular	secreted	secreted	1	secreted	1
O14904|secreted	Extracellular	secreted	secreted	1	secreted	1
Q9NR23|secreted	Extracellular	secreted	secreted	1	secreted	1
P01893|cell-envelope	Cell_membrane	cell-envelope	other	0	other	0
P55082|cell-envelope	Cell_membrane	cell-envelope	other	0	other	0
Q16769|secreted	Extracellular	secreted	secreted	1	secreted	1
P09544|secreted	Extracellular	secreted	secreted	1	secreted	1
Q96S86|secreted	Extracellular	secreted	secreted	1	secreted	1
Q96J42|cell-envelope	Endoplasmic_reticulum	cell-envelope	other	0	other	0
O15335|secreted	Extracellular	secreted	secreted	1	secreted	1
P48745|secreted	Extracellular	secreted	secreted	1	secreted	1
O14905|secreted	Extracellular	secreted	secreted	1	secreted	1
Q9H665|cell-envelope	Cell_membrane	cell-envelope	other	0	other	0
P56703|secreted	Extracellular	secreted	secreted	1	secreted	1
Q15166|secreted	Endoplasmic_reticulum	secreted	secreted	1	other	0
Q4G0M1|secreted	Extracellular	secreted	secreted	1	secreted	1
O43570|cell-envelope	Cell_membrane	cell-envelope	other	0	other	0
Q7Z3B1|cell-envelope	Cell_membrane	cell-envelope	other	0	other	0
Q8WUA8|secreted	Extracellular	secreted	secreted	1	secreted	1
P56704|secreted	Extracellular	secreted	secreted	1	secreted	1
P55103|secreted	Extracellular	secreted	secreted	1	secreted	1
O60938|secreted	Endoplasmic_reticulum	secreted	secreted	1	other	0
Q9BPW4|secreted	Peroxisome	secreted	secreted	1	other	0
Q9H1J5|secreted	Extracellular	secreted	secreted	1	secreted	1
P06729|cell-envelope	Cell_membrane	cell-envelope	other	0	other	0
P58166|secreted	Extracellular	secreted	secreted	1	secreted	1
P29279|secreted	Extracellular	secreted	secreted	1	secreted	1
P31997|cell-envelope	Cell_membrane	cell-envelope	other	0	other	0
Q8NBI3|secreted	Extracellular	secreted	secreted	1	secreted	1
Q30201|cell-envelope	Cell_membrane	cell-envelope	other	0	other	0
P00739|secreted	Extracellular	secreted	secreted	1	secreted	1
P43626|cell-envelope	Cell_membrane	cell-envelope	other	0	other	0
Q5JS37|secreted	Endoplasmic_reticulum	secreted	secreted	1	other	0
O43866|secreted	Extracellular	secreted	secreted	1	secreted	1
Q96S42|secreted	Extracellular	secreted	secreted	1	secreted	1
O43827|secreted	Extracellular	secreted	secreted	1	secreted	1
Q86TE4|secreted	Extracellular	secreted	secreted	1	secreted	1
Q6FHJ7|secreted	Extracellular	secreted	secreted	1	secreted	1
P54826|cell-envelope	Cell_membrane	cell-envelope	other	0	other	0
Q14982|cell-envelope	Endoplasmic_reticulum	cell-envelope	other	0	other	0
Q86YD5|cell-envelope	Cell_membrane	cell-envelope	other	0	other	0
Q9UIB8|cell-envelope	Cell_membrane	cell-envelope	other	0	other	0
P40199|cell-envelope	Cell_membrane	cell-envelope	other	0	other	0
Q7Z6M3|cell-envelope	Cell_membrane	cell-envelope	other	0	other	0
Q9BUN1|secreted	Extracellular	secreted	secreted	1	secreted	1
Q96LB9|secreted	Extracellular	secreted	secreted	1	secreted	1
Q9GZV7|secreted	Extracellular	secreted	secreted	1	secreted	1
P51884|secreted	Extracellular	secreted	secreted	1	secreted	1
Q6X784|secreted	Extracellular	secreted	secreted	1	secreted	1
A6NGN9|secreted	Cell_membrane	secreted	secreted	1	other	0
Q15762|cell-envelope	Cell_membrane	cell-envelope	other	0	other	0
P11465|secreted	Extracellular	secreted	secreted	1	secreted	1
Q15238|secreted	Extracellular	secreted	secreted	1	secreted	1
Q9UQ72|secreted	Extracellular	secreted	secreted	1	secreted	1
P78410|cell-envelope	Cell_membrane	cell-envelope	other	0	other	0
B2RNN3|secreted	Extracellular	secreted	secreted	1	secreted	1
P52799|cell-envelope	Cell_membrane	cell-envelope	other	0	other	0
P0C862|secreted	Extracellular	secreted	secreted	1	secreted	1
Q96DU3|cell-envelope	Cell_membrane	cell-envelope	other	0	other	0
Q9UBM4|secreted	Extracellular	secreted	secreted	1	secreted	1
Q6UXU4|cell-envelope	Cell_membrane	cell-envelope	other	0	other	0
Q9BUD6|secreted	Extracellular	secreted	secreted	1	secreted	1
P25774|secreted	Lysosome/Vacuole	secreted	secreted	1	other	0
Q6P5S2|secreted	Extracellular	secreted	secreted	1	secreted	1
Q9BXJ3|secreted	Extracellular	secreted	secreted	1	secreted	1
O75493|secreted	Extracellular	secreted	secreted	1	secreted	1
Q7RTY5|secreted	Extracellular	secreted	secreted	1	secreted	1
P06126|cell-envelope	Cell_membrane	cell-envelope	other	0	other	0
Q6PCB8|cell-envelope	Cell_membrane	cell-envelope	other	0	other	0
A1L453|secreted	Cell_membrane	secreted	secreted	1	other	0
Q13790|secreted	Endoplasmic_reticulum	secreted	secreted	1	other	0
Q92765|secreted	Extracellular	secreted	secreted	1	secreted	1
Q8WWU7|secreted	Extracellular	secreted	secreted	1	secreted	1
Q08722|cell-envelope	Cell_membrane	cell-envelope	other	0	other	0
Q9Y240|secreted	Extracellular	secreted	secreted	1	secreted	1
Q99645|secreted	Extracellular	secreted	secreted	1	secreted	1
Q5T2D2|cell-envelope	Cell_membrane	cell-envelope	other	0	other	0
Q99674|secreted	Extracellular	secreted	secreted	1	secreted	1
Q92820|secreted	Extracellular	secreted	secreted	1	secreted	1
P02649|secreted	Extracellular	secreted	secreted	1	secreted	1
Q5T4F7|secreted	Extracellular	secreted	secreted	1	secreted	1
Q9GZN4|secreted	Extracellular	secreted	secreted	1	secreted	1
P12318|cell-envelope	Cell_membrane	cell-envelope	other	0	other	0
P0DTU4|cell-envelope	Cell_membrane	cell-envelope	other	0	other	0
Q9Y6M0|cell-envelope	Cell_membrane	cell-envelope	other	0	other	0
P16422|cell-envelope	Cell_membrane	cell-envelope	other	0	other	0
Q8N7C0|cell-envelope	Cell_membrane	cell-envelope	other	0	other	0
Q08830|secreted	Extracellular	secreted	secreted	1	secreted	1
A6NNS2|secreted	Endoplasmic_reticulum	secreted	secreted	1	other	0
Q641Q3|secreted	Extracellular	secreted	secreted	1	secreted	1
Q9H7M9|cell-envelope	Cell_membrane	cell-envelope	other	0	other	0
P0DSE2|cell-envelope	Cell_membrane	cell-envelope	other	0	other	0
Q99988|secreted	Extracellular	secreted	secreted	1	secreted	1
Q12841|secreted	Endoplasmic_reticulum	secreted	secreted	1	other	0
O95158|secreted	Extracellular	secreted	secreted	1	secreted	1
P50897|secreted	Endoplasmic_reticulum	secreted	secreted	1	other	0
Q9UJJ9|secreted	Extracellular	secreted	secreted	1	secreted	1
O76036|cell-envelope	Cell_membrane	cell-envelope	other	0	other	0
Q14954|cell-envelope	Cell_membrane	cell-envelope	other	0	other	0
Q96I82|secreted	Extracellular	secreted	secreted	1	secreted	1
Q14953|cell-envelope	Cell_membrane	cell-envelope	other	0	other	0
O76061|secreted	Extracellular	secreted	secreted	1	secreted	1
O75144|cell-envelope	Cell_membrane	cell-envelope	other	0	other	0
Q5T7M4|secreted	Extracellular	secreted	secreted	1	secreted	1
Q8TDQ0|cell-envelope	Cell_membrane	cell-envelope	other	0	other	0
Q9UGN4|cell-envelope	Cell_membrane	cell-envelope	other	0	other	0
Q92874|secreted	Extracellular	secreted	secreted	1	secreted	1
Q9Y624|cell-envelope	Cell_membrane	cell-envelope	other	0	other	0
Q6ZSA7|cell-envelope	Cell_membrane	cell-envelope	other	0	other	0
P57087|cell-envelope	Cell_membrane	cell-envelope	other	0	other	0
P20774|secreted	Extracellular	secreted	secreted	1	secreted	1
Q5SQ64|cell-envelope	Cell_membrane	cell-envelope	other	0	other	0
Q96HF1|secreted	Extracellular	secreted	secreted	1	secreted	1
Q5VT99|cell-envelope	Cell_membrane	cell-envelope	other	0	other	0
Q9UJH8|secreted	Extracellular	secreted	secreted	1	secreted	1
Q99944|secreted	Extracellular	secreted	secreted	1	secreted	1
Q96B33|cell-envelope	Cell_membrane	cell-envelope	other	0	other	0
Q96L15|secreted	Extracellular	secreted	secreted	1	secreted	1
P17936|secreted	Extracellular	secreted	secreted	1	secreted	1
Q9NZQ7|cell-envelope	Cell_membrane	cell-envelope	other	0	other	0
Q8TDQ1|cell-envelope	Cell_membrane	cell-envelope	other	0	other	0
Q8IUH2|secreted	Extracellular	secreted	secreted	1	secreted	1
Q9BXJ2|secreted	Extracellular	secreted	secreted	1	secreted	1
Q7Z6A9|cell-envelope	Cell_membrane	cell-envelope	other	0	other	0
Q8NCW5|secreted	Mitochondrion	secreted	secreted	1	other	0
Q15116|cell-envelope	Cell_membrane	cell-envelope	other	0	other	0
Q6GTX8|cell-envelope	Cell_membrane	cell-envelope	other	0	other	0
Q7Z5L3|secreted	Extracellular	secreted	secreted	1	secreted	1
Q9BXJ5|secreted	Extracellular	secreted	secreted	1	secreted	1
Q6UWY2|secreted	Extracellular	secreted	secreted	1	secreted	1
Q92956|cell-envelope	Cell_membrane	cell-envelope	other	0	other	0
Q96BF3|cell-envelope	Cell_membrane	cell-envelope	other	0	other	0
Q9NPF0|cell-envelope	Cell_membrane	cell-envelope	other	0	other	0
Q9BXJ1|secreted	Extracellular	secreted	secreted	1	secreted	1
Q8NF86|secreted	Extracellular	secreted	secreted	1	secreted	1
Q92637|cell-envelope	Cell_membrane	cell-envelope	other	0	other	0
Q8NFK1|cell-envelope	Cell_membrane	cell-envelope	other	0	other	0
Q8WX77|secreted	Extracellular	secreted	secreted	1	secreted	1
Q9Y6Z7|secreted	Extracellular	secreted	secreted	1	secreted	1
Q9UKR3|secreted	Extracellular	secreted	secreted	1	secreted	1
O95944|cell-envelope	Cell_membrane	cell-envelope	other	0	other	0
O43240|secreted	Extracellular	secreted	secreted	1	secreted	1
P0DPK3|secreted	Extracellular	secreted	secreted	1	secreted	1
P0DTU3|cell-envelope	Endoplasmic_reticulum	cell-envelope	other	0	other	0
Q15661|secreted	Extracellular	secreted	secreted	1	secreted	1
Q9NY84|secreted	Lysosome/Vacuole	secreted	secreted	1	other	0
Q9UHF1|secreted	Extracellular	secreted	secreted	1	secreted	1
Q9BXY4|secreted	Extracellular	secreted	secreted	1	secreted	1
Q6URK8|secreted	Extracellular	secreted	secreted	1	secreted	1
Q9BWP8|secreted	Extracellular	secreted	secreted	1	secreted	1
Q8IUW5|cell-envelope	Cell_membrane	cell-envelope	other	0	other	0
P58417|secreted	Extracellular	secreted	secreted	1	secreted	1
B6A8C7|cell-envelope	Cell_membrane	cell-envelope	other	0	other	0
Q86TG1|cell-envelope	Cell_membrane	cell-envelope	other	0	other	0
Q8NET5|cell-envelope	Cell_membrane	cell-envelope	other	0	other	0
Q9BQI4|secreted	Extracellular	secreted	secreted	1	secreted	1
P08217|secreted	Extracellular	secreted	secreted	1	secreted	1
P0DSE1|cell-envelope	Endoplasmic_reticulum	cell-envelope	other	0	other	0
P12034|secreted	Extracellular	secreted	secreted	1	secreted	1
P09237|secreted	Extracellular	secreted	secreted	1	secreted	1
P01210|secreted	Extracellular	secreted	secreted	1	secreted	1
Q9P0G3|secreted	Extracellular	secreted	secreted	1	secreted	1
O95813|secreted	Extracellular	secreted	secreted	1	secreted	1
P01189|secreted	Extracellular	secreted	secreted	1	secreted	1
I3L3R5|secreted	Extracellular	secreted	secreted	1	secreted	1
Q14002|cell-envelope	Cell_membrane	cell-envelope	other	0	other	0
Q6UX52|secreted	Extracellular	secreted	secreted	1	secreted	1
Q8IVN8|secreted	Extracellular	secreted	secreted	1	secreted	1
O95156|secreted	Extracellular	secreted	secreted	1	secreted	1
Q8WUJ1|secreted	Extracellular	secreted	secreted	1	secreted	1
Q969J5|secreted	Extracellular	secreted	secreted	1	secreted	1
Q96FE7|cell-envelope	Cell_membrane	cell-envelope	other	0	other	0
P12544|secreted	Extracellular	secreted	secreted	1	secreted	1
Q8TCZ2|cell-envelope	Cell_membrane	cell-envelope	other	0	other	0
Q9Y6N3|secreted	Extracellular	secreted	secreted	1	secreted	1
P56856|cell-envelope	Cell_membrane	cell-envelope	other	0	other	0
O60259|secreted	Extracellular	secreted	secreted	1	secreted	1
Q9UHG2|secreted	Extracellular	secreted	secreted	1	secreted	1
O43692|secreted	Extracellular	secreted	secreted	1	secreted	1
Q8TAT2|secreted	Extracellular	secreted	secreted	1	secreted	1
Q9NP55|secreted	Extracellular	secreted	secreted	1	secreted	1
Q9H2R5|secreted	Extracellular	secreted	secreted	1	secreted	1
Q5VWW1|secreted	Extracellular	secreted	secreted	1	secreted	1
P55083|secreted	Extracellular	secreted	secreted	1	secreted	1
Q9BQP9|secreted	Extracellular	secreted	secreted	1	secreted	1
Q9H3Y0|secreted	Extracellular	secreted	secreted	1	secreted	1
O95157|secreted	Extracellular	secreted	secreted	1	secreted	1
P60827|secreted	Extracellular	secreted	secreted	1	secreted	1
Q6UWN5|cell-envelope	Cell_membrane	cell-envelope	other	0	other	0
E2RYF7|secreted	Extracellular	secreted	secreted	1	secreted	1
Q9GZV9|secreted	Extracellular	secreted	secreted	1	secreted	1
Q9UKQ9|secreted	Extracellular	secreted	secreted	1	secreted	1
A6ND01|cell-envelope	Cell_membrane	cell-envelope	other	0	other	0
P13284|secreted	Extracellular	secreted	secreted	1	secreted	1
O76076|secreted	Extracellular	secreted	secreted	1	secreted	1
Q96DR5|secreted	Extracellular	secreted	secreted	1	secreted	1
P25189|cell-envelope	Cell_membrane	cell-envelope	other	0	other	0
Q99935|secreted	Extracellular	secreted	secreted	1	secreted	1
P11226|secreted	Extracellular	secreted	secreted	1	secreted	1
Q8N129|secreted	Endoplasmic_reticulum	secreted	secreted	1	other	0
P10144|secreted	Extracellular	secreted	secreted	1	secreted	1
Q16653|cell-envelope	Cell_membrane	cell-envelope	other	0	other	0
P23560|secreted	Extracellular	secreted	secreted	1	secreted	1
Q9BXJ4|secreted	Extracellular	secreted	secreted	1	secreted	1
Q6UWN0|cell-envelope	Endoplasmic_reticulum	cell-envelope	other	0	other	0
Q495A1|cell-envelope	Cell_membrane	cell-envelope	other	0	other	0
Q9BZM4|cell-envelope	Cell_membrane	cell-envelope	other	0	other	0
Q15848|secreted	Extracellular	secreted	secreted	1	secreted	1
Q6UXX9|secreted	Extracellular	secreted	secreted	1	secreted	1
Q9GZY6|cell-envelope	Cell_membrane	cell-envelope	other	0	other	0
P09326|cell-envelope	Cell_membrane	cell-envelope	other	0	other	0
Q8NEV9|secreted	Extracellular	secreted	secreted	1	secreted	1
Q9BXJ0|secreted	Extracellular	secreted	secreted	1	secreted	1
Q96CG8|secreted	Extracellular	secreted	secreted	1	secreted	1
P16562|secreted	Extracellular	secreted	secreted	1	secreted	1
Q8N2E6|secreted	Extracellular	secreted	secreted	1	secreted	1
Q9BZJ3|secreted	Extracellular	secreted	secreted	1	secreted	1
Q9UK85|secreted	Extracellular	secreted	secreted	1	secreted	1
Q6ZMJ4|secreted	Extracellular	secreted	secreted	1	secreted	1
Q8IYP2|secreted	Extracellular	secreted	secreted	1	secreted	1
P01138|secreted	Extracellular	secreted	secreted	1	secreted	1
P08294|secreted	Extracellular	secreted	secreted	1	secreted	1
P24592|secreted	Extracellular	secreted	secreted	1	secreted	1
Q5VZ72|cell-envelope	Cell_membrane	cell-envelope	other	0	other	0
P11487|secreted	Extracellular	secreted	secreted	1	secreted	1
Q86Z23|secreted	Extracellular	secreted	secreted	1	secreted	1
Q2I0M5|secreted	Extracellular	secreted	secreted	1	secreted	1
P15692|secreted	Extracellular	secreted	secreted	1	secreted	1
Q1ZYL8|secreted	Extracellular	secreted	secreted	1	secreted	1
Q14213|secreted	Extracellular	secreted	secreted	1	secreted	1
P40259|cell-envelope	Cell_membrane	cell-envelope	other	0	other	0
P52803|cell-envelope	Cell_membrane	cell-envelope	other	0	other	0
Q8IWT1|cell-envelope	Cell_membrane	cell-envelope	other	0	other	0
Q9BSN7|cell-envelope	Cell_membrane	cell-envelope	other	0	other	0
P11912|cell-envelope	Cell_membrane	cell-envelope	other	0	other	0
Q9UBD9|secreted	Extracellular	secreted	secreted	1	secreted	1
Q08708|cell-envelope	Cell_membrane	cell-envelope	other	0	other	0
Q8IUK8|secreted	Endoplasmic_reticulum	secreted	secreted	1	other	0
Q9BYJ0|secreted	Extracellular	secreted	secreted	1	secreted	1
P0CG36|secreted	Cell_membrane	secreted	secreted	1	other	0
Q9GZX9|secreted	Extracellular	secreted	secreted	1	secreted	1
P16410|cell-envelope	Cell_membrane	cell-envelope	other	0	other	0
Q96BH3|secreted	Extracellular	secreted	secreted	1	secreted	1
Q06432|cell-envelope	Cell_membrane	cell-envelope	other	0	other	0
B2RUY7|secreted	Extracellular	secreted	secreted	1	secreted	1
Q14406|secreted	Extracellular	secreted	secreted	1	secreted	1
Q9HBJ8|cell-envelope	Cell_membrane	cell-envelope	other	0	other	0
P59796|secreted	Extracellular	secreted	secreted	1	secreted	1
Q9HC57|secreted	Extracellular	secreted	secreted	1	secreted	1
O75629|secreted	Extracellular	secreted	secreted	1	secreted	1
A0A1B0GVH4|secreted	Extracellular	secreted	secreted	1	secreted	1
Q5T4W7|secreted	Extracellular	secreted	secreted	1	secreted	1
Q6MZM9|secreted	Extracellular	secreted	secreted	1	secreted	1
P29459|secreted	Extracellular	secreted	secreted	1	secreted	1
B9A064|secreted	Extracellular	secreted	secreted	1	secreted	1
Q9Y581|secreted	Extracellular	secreted	secreted	1	secreted	1
Q9BQB4|secreted	Extracellular	secreted	secreted	1	secreted	1
O43921|cell-envelope	Cell_membrane	cell-envelope	other	0	other	0
Q9HBJ0|secreted	Extracellular	secreted	secreted	1	secreted	1
Q86SG7|secreted	Extracellular	secreted	secreted	1	secreted	1
P05231|secreted	Extracellular	secreted	secreted	1	secreted	1
Q8TAL6|secreted	Extracellular	secreted	secreted	1	secreted	1
O95832|cell-envelope	Cell_membrane	cell-envelope	other	0	other	0
O95471|cell-envelope	Cell_membrane	cell-envelope	other	0	other	0
Q99470|secreted	Extracellular	secreted	secreted	1	secreted	1
P39905|secreted	Extracellular	secreted	secreted	1	secreted	1
A6NJW9|cell-envelope	Cell_membrane	cell-envelope	other	0	other	0
Q9NSA1|secreted	Extracellular	secreted	secreted	1	secreted	1
Q6UX39|secreted	Extracellular	secreted	secreted	1	secreted	1
O15520|secreted	Extracellular	secreted	secreted	1	secreted	1
Q86WN2|secreted	Endoplasmic_reticulum	secreted	secreted	1	other	0
Q96DA0|secreted	Lysosome/Vacuole	secreted	secreted	1	other	0
Q6UQ28|cell-envelope	Endoplasmic_reticulum	cell-envelope	other	0	other	0
P01033|secreted	Extracellular	secreted	secreted	1	secreted	1
P07766|cell-envelope	Cell_membrane	cell-envelope	other	0	other	0
O76093|secreted	Extracellular	secreted	secreted	1	secreted	1
Q6X4U4|secreted	Extracellular	secreted	secreted	1	secreted	1
P08620|secreted	Extracellular	secreted	secreted	1	secreted	1
Q13007|secreted	Mitochondrion	secreted	secreted	1	other	0
P60153|secreted	Mitochondrion	secreted	secreted	1	other	0
Q6UW01|secreted	Extracellular	secreted	secreted	1	secreted	1
A6NC86|secreted	Extracellular	secreted	secreted	1	secreted	1
Q7Z5L0|secreted	Extracellular	secreted	secreted	1	secreted	1
O14669|cell-envelope	Cell_membrane	cell-envelope	other	0	other	0
A8K4G0|cell-envelope	Cell_membrane	cell-envelope	other	0	other	0
Q07507|secreted	Extracellular	secreted	secreted	1	secreted	1
Q9NTU7|secreted	Extracellular	secreted	secreted	1	secreted	1
Q8NDX9|secreted	Extracellular	secreted	secreted	1	secreted	1
P02753|secreted	Extracellular	secreted	secreted	1	secreted	1
O14931|cell-envelope	Cell_membrane	cell-envelope	other	0	other	0
A8MXK1|cell-envelope	Cell_membrane	cell-envelope	other	0	other	0
Q8IZJ0|secreted	Extracellular	secreted	secreted	1	secreted	1
P20809|secreted	Extracellular	secreted	secreted	1	secreted	1
Q9NS71|secreted	Extracellular	secreted	secreted	1	secreted	1
P80188|secreted	Extracellular	secreted	secreted	1	secreted	1
Q6UXH0|secreted	Extracellular	secreted	secreted	1	secreted	1
Q9H106|secreted	Extracellular	secreted	secreted	1	secreted	1
O75596|secreted	Extracellular	secreted	secreted	1	secreted	1
Q8IZI9|secreted	Extracellular	secreted	secreted	1	secreted	1
O75594|secreted	Extracellular	secreted	secreted	1	secreted	1
P06850|secreted	Extracellular	secreted	secreted	1	secreted	1
P05019|secreted	Extracellular	secreted	secreted	1	secreted	1
Q6UXZ3|cell-envelope	Cell_membrane	cell-envelope	other	0	other	0
O95998|secreted	Extracellular	secreted	secreted	1	secreted	1
Q8N1E2|secreted	Extracellular	secreted	secreted	1	secreted	1
Q96FX8|cell-envelope	Cell_membrane	cell-envelope	other	0	other	0
A0A2R8YFM6|secreted	Extracellular	secreted	secreted	1	secreted	1
Q6JVE5|secreted	Extracellular	secreted	secreted	1	secreted	1
Q7Z4R8|secreted	Extracellular	secreted	secreted	1	secreted	1
Q9BZM1|secreted	Extracellular	secreted	secreted	1	secreted	1
Q8N907|secreted	Extracellular	secreted	secreted	1	secreted	1
Q9NPF7|secreted	Extracellular	secreted	secreted	1	secreted	1
Q9BSG0|secreted	Extracellular	secreted	secreted	1	secreted	1
O95445|secreted	Extracellular	secreted	secreted	1	secreted	1
Q6JVE6|secreted	Extracellular	secreted	secreted	1	secreted	1
Q49AH0|secreted	Extracellular	secreted	secreted	1	secreted	1
Q96SL4|secreted	Extracellular	secreted	secreted	1	secreted	1
Q8IV16|cell-envelope	Cell_membrane	cell-envelope	other	0	other	0
Q6UWW0|secreted	Extracellular	secreted	secreted	1	secreted	1
O60565|secreted	Extracellular	secreted	secreted	1	secreted	1
A0A2R8YFL7|secreted	Extracellular	secreted	secreted	1	secreted	1
Q6P0A1|secreted	Extracellular	secreted	secreted	1	secreted	1
Q9H1M3|secreted	Extracellular	secreted	secreted	1	secreted	1
P55145|secreted	Extracellular	secreted	secreted	1	secreted	1
P09693|cell-envelope	Cell_membrane	cell-envelope	other	0	other	0
P0CG01|secreted	Extracellular	secreted	secreted	1	secreted	1
P01275|secreted	Extracellular	secreted	secreted	1	secreted	1
P01344|secreted	Extracellular	secreted	secreted	1	secreted	1
P55808|cell-envelope	Cell_membrane	cell-envelope	other	0	other	0
P09466|secreted	Extracellular	secreted	secreted	1	secreted	1
K9M1U5|secreted	Extracellular	secreted	secreted	1	secreted	1
Q9UKY0|cell-envelope	Endoplasmic_reticulum	cell-envelope	other	0	other	0
O95994|secreted	Extracellular	secreted	secreted	1	secreted	1
Q6UW15|secreted	Extracellular	secreted	secreted	1	secreted	1
Q969H8|secreted	Extracellular	secreted	secreted	1	secreted	1
Q6UWF9|secreted	Extracellular	secreted	secreted	1	secreted	1
Q5SV17|cell-envelope	Endoplasmic_reticulum	cell-envelope	other	0	other	0
Q9UMX5|secreted	Extracellular	secreted	secreted	1	secreted	1
Q9NPH9|secreted	Extracellular	secreted	secreted	1	secreted	1
Q9HCT0|secreted	Mitochondrion	secreted	secreted	1	other	0
Q9NY56|secreted	Extracellular	secreted	secreted	1	secreted	1
Q9NPH6|secreted	Extracellular	secreted	secreted	1	secreted	1
Q9H772|secreted	Extracellular	secreted	secreted	1	secreted	1
P21246|secreted	Extracellular	secreted	secreted	1	secreted	1
P41159|secreted	Extracellular	secreted	secreted	1	secreted	1
O60844|secreted	Extracellular	secreted	secreted	1	secreted	1
Q8NHV5|cell-envelope	Cell_membrane	cell-envelope	other	0	other	0
O15496|secreted	Extracellular	secreted	secreted	1	secreted	1
P0DN87|secreted	Extracellular	secreted	secreted	1	secreted	1
P0DN86|secreted	Extracellular	secreted	secreted	1	secreted	1
Q496H8|cell-envelope	Cell_membrane	cell-envelope	other	0	other	0
Q6EBC2|secreted	Extracellular	secreted	secreted	1	secreted	1
P20963|cell-envelope	Cell_membrane	cell-envelope	other	0	other	0
Q99969|secreted	Extracellular	secreted	secreted	1	secreted	1
Q96PD4|secreted	Extracellular	secreted	secreted	1	secreted	1
Q9HBE4|secreted	Extracellular	secreted	secreted	1	secreted	1
P04216|cell-envelope	Endoplasmic_reticulum	cell-envelope	other	0	other	0
A0A1B0GTR0|secreted	Extracellular	secreted	secreted	1	secreted	1
M5A8F1|secreted	Extracellular	secreted	secreted	1	secreted	1
Q9Y6Y9|secreted	Extracellular	secreted	secreted	1	secreted	1
P01591|secreted	Extracellular	secreted	secreted	1	secreted	1
Q5W186|secreted	Extracellular	secreted	secreted	1	secreted	1
Q96QH8|secreted	Extracellular	secreted	secreted	1	secreted	1
P10124|secreted	Extracellular	secreted	secreted	1	secreted	1
Q86WS3|secreted	Extracellular	secreted	secreted	1	secreted	1
Q99445|cell-envelope	Extracellular	cell-envelope	other	0	secreted	1
Q9BYZ8|secreted	Extracellular	secreted	secreted	1	secreted	1
Q9H1E1|secreted	Extracellular	secreted	secreted	1	secreted	1
Q8N687|secreted	Extracellular	secreted	secreted	1	secreted	1
Q16552|secreted	Extracellular	secreted	secreted	1	secreted	1
Q8TDE3|secreted	Extracellular	secreted	secreted	1	secreted	1
Q86XR5|cell-envelope	Cell_membrane	cell-envelope	other	0	other	0
Q5H8A3|secreted	Extracellular	secreted	secreted	1	secreted	1
Q6UX46|secreted	Extracellular	secreted	secreted	1	secreted	1
Q5BIV9|cell-envelope	Cell_membrane	cell-envelope	other	0	other	0
P01160|secreted	Extracellular	secreted	secreted	1	secreted	1
Q96NZ9|secreted	Extracellular	secreted	secreted	1	secreted	1
O14960|secreted	Extracellular	secreted	secreted	1	secreted	1
P61916|secreted	Extracellular	secreted	secreted	1	secreted	1
Q93091|secreted	Extracellular	secreted	secreted	1	secreted	1
P02724|cell-envelope	Cell_membrane	cell-envelope	other	0	other	0
Q7Z4W2|secreted	Extracellular	secreted	secreted	1	secreted	1
Q6UWQ5|secreted	Extracellular	secreted	secreted	1	secreted	1
P07492|secreted	Extracellular	secreted	secreted	1	secreted	1
P04054|secreted	Extracellular	secreted	secreted	1	secreted	1
O60896|cell-envelope	Cell_membrane	cell-envelope	other	0	other	0
P56851|secreted	Extracellular	secreted	secreted	1	secreted	1
Q14507|secreted	Extracellular	secreted	secreted	1	secreted	1
P01034|secreted	Extracellular	secreted	secreted	1	secreted	1
Q96KX0|secreted	Extracellular	secreted	secreted	1	secreted	1
Q9UNK4|secreted	Extracellular	secreted	secreted	1	secreted	1
Q9H114|secreted	Extracellular	secreted	secreted	1	secreted	1
O76096|secreted	Extracellular	secreted	secreted	1	secreted	1
P04141|secreted	Extracellular	secreted	secreted	1	secreted	1
Q9NZK7|secreted	Extracellular	secreted	secreted	1	secreted	1
Q9NPD7|cell-envelope	Cell_membrane	cell-envelope	other	0	other	0
P28325|secreted	Extracellular	secreted	secreted	1	secreted	1
P01036|secreted	Extracellular	secreted	secreted	1	secreted	1
P09228|secreted	Extracellular	secreted	secreted	1	secreted	1
P01037|secreted	Extracellular	secreted	secreted	1	secreted	1
Q8N2G4|cell-envelope	Extracellular	cell-envelope	other	0	secreted	1
Q96LR4|secreted	Extracellular	secreted	secreted	1	secreted	1
O94772|cell-envelope	Cell_membrane	cell-envelope	other	0	other	0
Q1L6U9|secreted	Extracellular	secreted	secreted	1	secreted	1
Q14641|secreted	Mitochondrion	secreted	secreted	1	other	0
H3BQJ8|cell-envelope	Extracellular	cell-envelope	other	0	secreted	1
Q9H112|secreted	Extracellular	secreted	secreted	1	secreted	1
Q8WVF2|secreted	Extracellular	secreted	secreted	1	secreted	1
Q6UXS0|secreted	Extracellular	secreted	secreted	1	secreted	1
Q9NRR1|secreted	Extracellular	secreted	secreted	1	secreted	1
Q9UIG4|secreted	Extracellular	secreted	secreted	1	secreted	1
Q99954|secreted	Extracellular	secreted	secreted	1	secreted	1
P16860|secreted	Extracellular	secreted	secreted	1	secreted	1
Q7Z5A9|secreted	Extracellular	secreted	secreted	1	secreted	1
O95868|cell-envelope	Cell_membrane	cell-envelope	other	0	other	0
Q00604|secreted	Extracellular	secreted	secreted	1	secreted	1
P61366|secreted	Extracellular	secreted	secreted	1	secreted	1
Q7Z5A8|secreted	Extracellular	secreted	secreted	1	secreted	1
O00253|secreted	Extracellular	secreted	secreted	1	secreted	1
A0A075B6T7|cell-envelope	Mitochondrion	cell-envelope	other	0	other	0
P03973|secreted	Extracellular	secreted	secreted	1	secreted	1
Q16553|cell-envelope	Cell_membrane	cell-envelope	other	0	other	0
P35542|secreted	Extracellular	secreted	secreted	1	secreted	1
Q17RF5|secreted	Extracellular	secreted	secreted	1	secreted	1
P01225|secreted	Extracellular	secreted	secreted	1	secreted	1
Q6UXT8|secreted	Extracellular	secreted	secreted	1	secreted	1
Q9NRC9|secreted	Extracellular	secreted	secreted	1	secreted	1
Q8WXA2|secreted	Extracellular	secreted	secreted	1	secreted	1
O95867|cell-envelope	Cell_membrane	cell-envelope	other	0	other	0
Q6UXB3|cell-envelope	Extracellular	cell-envelope	other	0	secreted	1
Q6UXB1|secreted	Extracellular	secreted	secreted	1	secreted	1
Q6B9Z1|secreted	Extracellular	secreted	secreted	1	secreted	1
A0A0A6YYD4|cell-envelope	Extracellular	cell-envelope	other	0	secreted	1
P22466|secreted	Extracellular	secreted	secreted	1	secreted	1
Q99603|cell-envelope	Extracellular	cell-envelope	other	0	secreted	1
Q96L11|secreted	Extracellular	secreted	secreted	1	secreted	1
P0DJI9|secreted	Extracellular	secreted	secreted	1	secreted	1
P0DJI8|secreted	Extracellular	secreted	secreted	1	secreted	1
P09683|secreted	Extracellular	secreted	secreted	1	secreted	1
A2RUU4|secreted	Extracellular	secreted	secreted	1	secreted	1
A0A075B6W5|cell-envelope	Extracellular	cell-envelope	other	0	secreted	1
Q9BUF7|cell-envelope	Cell_membrane	cell-envelope	other	0	other	0
Q6UWQ7|secreted	Extracellular	secreted	secreted	1	secreted	1
Q765I0|secreted	Extracellular	secreted	secreted	1	secreted	1
P61769|secreted	Extracellular	secreted	secreted	1	secreted	1
Q6UXB2|secreted	Extracellular	secreted	secreted	1	secreted	1
P04437|cell-envelope	Extracellular	cell-envelope	other	0	secreted	1
A0A075B6R0|cell-envelope	Extracellular	cell-envelope	other	0	secreted	1
A0A0B4J1U4|cell-envelope	Extracellular	cell-envelope	other	0	secreted	1
P03979|cell-envelope	Extracellular	cell-envelope	other	0	secreted	1
A0A0C4DH28|cell-envelope	Extracellular	cell-envelope	other	0	secreted	1
A0A0C4DH27|cell-envelope	Extracellular	cell-envelope	other	0	secreted	1
P61278|secreted	Extracellular	secreted	secreted	1	secreted	1
A0A0A6YYC5|cell-envelope	Extracellular	cell-envelope	other	0	secreted	1
Q16568|secreted	Extracellular	secreted	secreted	1	secreted	1
A0JD32|cell-envelope	Extracellular	cell-envelope	other	0	secreted	1
A0A0B4J264|cell-envelope	Extracellular	cell-envelope	other	0	secreted	1
A0A0A6YYK7|cell-envelope	Extracellular	cell-envelope	other	0	secreted	1
P01215|secreted	Extracellular	secreted	secreted	1	secreted	1
A0A087WV62|cell-envelope	Extracellular	cell-envelope	other	0	secreted	1
A0A584|cell-envelope	Extracellular	cell-envelope	other	0	secreted	1
A0A1B0GXF2|cell-envelope	Extracellular	cell-envelope	other	0	secreted	1
A0A1B0GX56|cell-envelope	Extracellular	cell-envelope	other	0	secreted	1
A0A0B4J2E0|cell-envelope	Extracellular	cell-envelope	other	0	secreted	1
A0A5B0|cell-envelope	Extracellular	cell-envelope	other	0	secreted	1
A0A0K0K1E9|cell-envelope	Extracellular	cell-envelope	other	0	secreted	1
A0A075B6N3|cell-envelope	Extracellular	cell-envelope	other	0	secreted	1
A0A087X0M5|cell-envelope	Extracellular	cell-envelope	other	0	secreted	1
A0A1B0GX95|cell-envelope	Extracellular	cell-envelope	other	0	secreted	1
A0A0K0K1C0|cell-envelope	Extracellular	cell-envelope	other	0	secreted	1
P01733|cell-envelope	Extracellular	cell-envelope	other	0	secreted	1
A0A1B0GX51|cell-envelope	Extracellular	cell-envelope	other	0	secreted	1
A0A5A6|cell-envelope	Extracellular	cell-envelope	other	0	secreted	1
P04435|cell-envelope	Extracellular	cell-envelope	other	0	secreted	1
A0A1B0GX68|cell-envelope	Extracellular	cell-envelope	other	0	secreted	1
A0A1B0GX78|cell-envelope	Extracellular	cell-envelope	other	0	secreted	1
A0JD36|cell-envelope	Extracellular	cell-envelope	other	0	secreted	1
A0A1B0GX31|cell-envelope	Extracellular	cell-envelope	other	0	secreted	1
A0A577|cell-envelope	Extracellular	cell-envelope	other	0	secreted	1
A0A539|cell-envelope	Extracellular	cell-envelope	other	0	secreted	1
A0A0B4J240|cell-envelope	Extracellular	cell-envelope	other	0	secreted	1
A0A576|cell-envelope	Extracellular	cell-envelope	other	0	secreted	1
A0A5B6|cell-envelope	Extracellular	cell-envelope	other	0	secreted	1
A0A0C4DH59|cell-envelope	Extracellular	cell-envelope	other	0	secreted	1
A0A0A6YYG2|cell-envelope	Extracellular	cell-envelope	other	0	secreted	1
A0A0K0K1A3|cell-envelope	Extracellular	cell-envelope	other	0	secreted	1
A0A075B6N1|cell-envelope	Extracellular	cell-envelope	other	0	secreted	1
A0A1B0GX49|cell-envelope	Extracellular	cell-envelope	other	0	secreted	1
A0A0J9YX75|cell-envelope	Extracellular	cell-envelope	other	0	secreted	1
A0A0K0K1A5|cell-envelope	Extracellular	cell-envelope	other	0	secreted	1
A0A0B4J271|cell-envelope	Extracellular	cell-envelope	other	0	secreted	1
A0A597|cell-envelope	Extracellular	cell-envelope	other	0	secreted	1
A0A0K0K1G8|cell-envelope	Extracellular	cell-envelope	other	0	secreted	1
A0A0K0K1D8|cell-envelope	Extracellular	cell-envelope	other	0	secreted	1
A0A0B4J1U6|cell-envelope	Extracellular	cell-envelope	other	0	secreted	1
A0A578|cell-envelope	Extracellular	cell-envelope	other	0	secreted	1
A0A0K0K1G6|cell-envelope	Extracellular	cell-envelope	other	0	secreted	1
A0A0B4J244|cell-envelope	Extracellular	cell-envelope	other	0	secreted	1
A0A5A2|cell-envelope	Extracellular	cell-envelope	other	0	secreted	1
A0A0K0K1C4|cell-envelope	Extracellular	cell-envelope	other	0	secreted	1
A0A075B6N4|cell-envelope	Extracellular	cell-envelope	other	0	secreted	1
A0A0B4J272|cell-envelope	Extracellular	cell-envelope	other	0	secreted	1
A0A0J9YXY3|cell-envelope	Extracellular	cell-envelope	other	0	secreted	1
P0DPF7|cell-envelope	Extracellular	cell-envelope	other	0	secreted	1
A0A589|cell-envelope	Extracellular	cell-envelope	other	0	secreted	1
A0A599|cell-envelope	Extracellular	cell-envelope	other	0	secreted	1
A0A0B4J237|cell-envelope	Extracellular	cell-envelope	other	0	secreted	1
Q86UU9|secreted	Extracellular	secreted	secreted	1	secreted	1
O43914|cell-envelope	Cell_membrane	cell-envelope	other	0	other	0
A0A0A6YYJ7|cell-envelope	Extracellular	cell-envelope	other	0	secreted	1
Q6UY27|secreted	Extracellular	secreted	secreted	1	secreted	1
A0A0B4J249|cell-envelope	Extracellular	cell-envelope	other	0	secreted	1
A0A0A6YYG3|cell-envelope	Extracellular	cell-envelope	other	0	secreted	1
A0A0A6YYK1|cell-envelope	Extracellular	cell-envelope	other	0	secreted	1
P01737|cell-envelope	Extracellular	cell-envelope	other	0	secreted	1
A0JD37|cell-envelope	Extracellular	cell-envelope	other	0	secreted	1
A0A0B4J235|cell-envelope	Extracellular	cell-envelope	other	0	secreted	1
A0A0B4J262|cell-envelope	Extracellular	cell-envelope	other	0	secreted	1
A0A075B6T6|cell-envelope	Extracellular	cell-envelope	other	0	secreted	1
A0A075B6V5|cell-envelope	Extracellular	cell-envelope	other	0	secreted	1
A0A075B6U4|cell-envelope	Extracellular	cell-envelope	other	0	secreted	1
P04118|secreted	Extracellular	secreted	secreted	1	secreted	1
A0A087WT02|cell-envelope	Extracellular	cell-envelope	other	0	secreted	1
A0A087WSZ9|cell-envelope	Extracellular	cell-envelope	other	0	secreted	1
A0A0B4J274|cell-envelope	Extracellular	cell-envelope	other	0	secreted	1
Q9Y4X3|secreted	Extracellular	secreted	secreted	1	secreted	1
A0A0B4J266|cell-envelope	Extracellular	cell-envelope	other	0	secreted	1
A0A0B4J275|cell-envelope	Extracellular	cell-envelope	other	0	secreted	1
A0A0B4J234|cell-envelope	Extracellular	cell-envelope	other	0	secreted	1
A0A0B4J279|cell-envelope	Extracellular	cell-envelope	other	0	secreted	1
A0A075B6T8|cell-envelope	Extracellular	cell-envelope	other	0	secreted	1
A0A0B4J273|cell-envelope	Extracellular	cell-envelope	other	0	secreted	1
A0A0B4J245|cell-envelope	Extracellular	cell-envelope	other	0	secreted	1
A0A0B4J241|cell-envelope	Extracellular	cell-envelope	other	0	secreted	1
A0A075B6X5|cell-envelope	Extracellular	cell-envelope	other	0	secreted	1
A0A5B7|cell-envelope	Extracellular	cell-envelope	other	0	secreted	1
A0A075B6N2|cell-envelope	Extracellular	cell-envelope	other	0	secreted	1
Q9BYW3|secreted	Extracellular	secreted	secreted	1	secreted	1
A0A0K0K1B3|cell-envelope	Extracellular	cell-envelope	other	0	secreted	1
Q6UW32|secreted	Extracellular	secreted	secreted	1	secreted	1
A0A0B4J263|cell-envelope	Extracellular	cell-envelope	other	0	secreted	1
P0DPF4|cell-envelope	Extracellular	cell-envelope	other	0	secreted	1
A0A0B4J277|cell-envelope	Extracellular	cell-envelope	other	0	secreted	1
A0A0B4J268|cell-envelope	Extracellular	cell-envelope	other	0	secreted	1
A0A0B4J276|cell-envelope	Extracellular	cell-envelope	other	0	secreted	1
A0A087WT03|cell-envelope	Extracellular	cell-envelope	other	0	secreted	1
A0A087WT01|cell-envelope	Extracellular	cell-envelope	other	0	secreted	1
A0A0A6YYK6|cell-envelope	Extracellular	cell-envelope	other	0	secreted	1
A0A0B4J265|cell-envelope	Extracellular	cell-envelope	other	0	secreted	1
Q9HD89|secreted	Extracellular	secreted	secreted	1	secreted	1
A0A0B4J248|cell-envelope	Extracellular	cell-envelope	other	0	secreted	1
A0A0B4J238|cell-envelope	Extracellular	cell-envelope	other	0	secreted	1
A0A0B4J280|cell-envelope	Extracellular	cell-envelope	other	0	secreted	1
Q96QR1|secreted	Extracellular	secreted	secreted	1	secreted	1
P55000|secreted	Extracellular	secreted	secreted	1	secreted	1
Q30KQ4|secreted	Extracellular	secreted	secreted	1	secreted	1
P02655|secreted	Extracellular	secreted	secreted	1	secreted	1
P02776|secreted	Extracellular	secreted	secreted	1	secreted	1
